userName,score,at,content
Supriyanto Supri,5,2024-07-17 01:22:22,Bagus banget
Selia Jarka Anisa,5,2024-07-16 17:13:37,kgn yusakâ˜¹ï¸
Erni kurniasih Bt fuad majid,5,2024-07-16 14:46:37,pengguna baru
Ahmad Yulianto,5,2024-07-16 12:37:33,Tambahkan kualitas ultra tinggi video dengan blu ray 4k ğŸ‘ŒğŸ‘ŒğŸ‘ŒğŸ‘ŒğŸ‘ŒğŸ‘Œ
Sani Nurfauziah,4,2024-07-16 12:18:49,masih belom mengerti jd baru mencoba nya
M RAFLI,3,2024-07-16 11:42:23,"Coba ditambahkan fitur bisa dikasih lagu gitu di postingan yang kita mau buat, soalnya jujur lebih enak menumpahkan segala resah gw di aplikasi ini."
Hendrik Fiber,5,2024-07-16 09:25:12,Oke juga
Rois Sanjaya,3,2024-07-16 08:26:46,assalamualaikum cukup puas dan merasa lebih nyaman
Sitait Ali,1,2024-07-16 05:00:07,Aplikasi sampah. Maksa buat instal dengan pancingan postingan Instagram yg tidak lengkap... Benar-benar samph
Alen Rahayu,5,2024-07-16 04:03:21,Oke juga
Bengkel Las Husen Jaya Steell,5,2024-07-16 03:59:45,seru
Engkun Kunaheri,5,2024-07-16 03:55:27,ok
kemalludin zaelani981,5,2024-07-16 03:08:21,Beri pengalaman terindah
Azka Rahman,1,2024-07-16 03:03:50,Maksa bgt buat minta download
Alfath Maulasufa,5,2024-07-16 02:39:16,Sangat Suka. Mantap ğŸ‘
zahra pusvita hanindityas,5,2024-07-16 01:59:26,Yeek
Mamat Slamet,5,2024-07-16 00:26:41,bagus
Dedi Famz,5,2024-07-15 22:36:56,Ok
Tisno,5,2024-07-15 20:34:35,"Bagus dan mudah penggunaanya,simpel"
EBH Gomone,5,2024-07-15 18:20:13,Selalu tetap terhubung tersinkron dalam family grup laman saya ini secara mudah lebih cepat lebih rahasia dan lebih aman berkelanjutan dengan hasil tujuan semakin sangat memuaskan.
Dyah Ayu Putri,5,2024-07-15 14:43:30,"Bagus kok sejauh ini menurut ku, tingkatkan terus ya"
Dedi Toge Hermawan,3,2024-07-15 14:18:59,ğŸ‘
Free Fire,1,2024-07-15 14:04:55,bagus banget
Khaerudin Bahar,5,2024-07-15 13:36:20,Semua tergantung kepentingan
Hidayat,5,2024-07-15 11:14:57,sangat bagus
Hendra Riady,5,2024-07-15 09:36:44,Cool
Atjo Kamal,5,2024-07-15 08:59:57,mantapğŸ‘ğŸ‘ğŸ‘
Tojang Idris,5,2024-07-15 08:33:58,Good
Hendy Lukmanto,5,2024-07-15 06:45:49,Bagus
Widhi hariyanto Hariyanto,5,2024-07-15 06:36:06,Mantap
grace fitricia,5,2024-07-15 05:49:06,buka threads dapat mengembangkan Wawasan dan literasi
New Infinix,5,2024-07-15 04:20:46,Bagus bgt
DH4ni Dani,5,2024-07-15 03:33:01,MantaPpP.
Asmawati Tjitju,5,2024-07-14 21:43:16,aplikasi keren
Achmad Muchlis,5,2024-07-14 21:13:59,mantab interaksi lsg mesqi ada tempo stlh posting terlebih @ig berat sinyalnya ...btw jozzz lah ujian sabar ğŸ’ªğŸ»ğŸ™ğŸ»ğŸ¬
Syawaluddin Rizal Siagian,5,2024-07-14 18:56:18,Semoga dapat menjalin silaturahmi buat saudara yang lainnya
Fsris Naim,5,2024-07-14 18:21:44,Ok
Rohim Palopo,5,2024-07-14 16:36:02,Sangatlah bagus aplikasi ini
Siri' Na Pacce T.M.S.P Team,4,2024-07-14 16:30:44,Masih Kurang Paham Cara Pakenya!ğŸ™
Î²,2,2024-07-14 15:46:16,FUNGSINYA?
SURIYO Yo,5,2024-07-14 11:45:01,SURIYO lahirtgl/Sabtu/1971
Luki Lgm,5,2024-07-14 11:39:52,madep
M.Fahirotul Iqbal Pajri,5,2024-07-14 10:45:06,Nice
Meliana Aryani,5,2024-07-14 06:50:47,"APK nya bagus sich, cuma jarang di gunain jadi temennya cuma sedikit."
journey bgp9911b,5,2024-07-14 05:37:22,good
giri prakoso,4,2024-07-14 05:05:58,Siiip
Bertha Operawiri Jr,5,2024-07-14 04:11:23,Sangat Bagus
Budi Surya,5,2024-07-14 02:59:52,Bagus dan Aku SukağŸ˜
Maryatul qibtiyah,3,2024-07-14 01:58:13,puas
Ayoe Arini,1,2024-07-14 00:53:04,Dah 3x install ulang. Kenapa sih gapernah muncul komen orang sampe harus uninstall dan install ulang agar muncul lagi komenan orang?
Meri Eka Putri,5,2024-07-13 23:16:48,M3mbaca pengalaman teman2 dengan cerita masing2
Hyanto Mujiharjono,3,2024-07-13 22:51:15,Coba
Maspal,4,2024-07-13 19:59:40,Nice
Omagung Polres,5,2024-07-13 18:56:53,Menyenangkan...
Sri Murtianingsih,5,2024-07-13 18:12:05,Kok malah ilang
Gadis melliana,5,2024-07-13 16:37:44,Suka
Daniel Santosa,5,2024-07-13 15:58:48,I need my account to monetize please hehehe
Alisa Nada,5,2024-07-13 14:39:00,Ok
Wawan Setiawan,5,2024-07-13 13:44:43,aplikasi bagus untuk cari teman
Rosidah Rosidah,5,2024-07-13 13:27:10,Bagus banget
Suntiya Khoirotul,4,2024-07-13 12:42:23,Kisah kehidupan
Aries Udiawan,5,2024-07-13 11:53:34,ğŸ‘
Game Master,5,2024-07-13 11:47:53,sarana menerima dan memberikan informasi Ù…Ù†ØªØ¨
Syaiful Amri,5,2024-07-13 11:40:24,bagus banget
Syafrudin Syafrudin,5,2024-07-13 10:57:18,Good job
Risky Sahrul,1,2024-07-13 09:41:57,Gara2 ini akun ig saya hilang asu
Zein Zein,5,2024-07-13 09:02:29,Cocok
Tangkas Wicaksono,1,2024-07-13 07:08:38,Banyakin konten seksinya
Ripto Kuswoyo,5,2024-07-13 02:13:05,nice
nazar abitiya3816,5,2024-07-13 01:00:41,Mires da tulisğŸ™ğŸ™ğŸ™
Mis war,5,2024-07-12 19:33:24,Mantap
zullubis 103,4,2024-07-12 19:03:15,masih perlu di tingkatkan lg
Mom Kembar Karo-Korea,4,2024-07-12 17:46:01,Good
BangNabil GH,5,2024-07-12 17:08:29,lumayan puassss
rin tin tin,5,2024-07-12 15:01:51,good
DididTandung WijayaAmir,5,2024-07-12 14:58:15,Pecahannya instagram kayaknya ini gess...
Selamet Jaya fram,5,2024-07-12 13:46:53,aplikasi nya oke siap lah ğŸ˜ğŸ‘Œ
Andriyati Arifin,5,2024-07-12 13:33:47,"saya suka , terus semakin baik ya, slmt ultah treads"
Harris Devano,5,2024-07-12 13:08:41,"Nothing, rasanya saya malas berkomentar, tapi sejauh ini ini yang paling jauh udah itu ajağŸ—¿"
OQSODS,5,2024-07-12 12:40:43,Heksadesimal Odwkvs kda dwipracaya
Ainun Zahria Salsabila,5,2024-07-12 11:45:23,"gatau mau gimna, blm nyoba soalny"
iosss suxxx,4,2024-07-12 10:33:56,Tingkatkan lagi
Abdul Latif,4,2024-07-12 04:45:59,Kren
Nur Patimah,5,2024-07-12 03:09:42,"LEBIH LUAS &CEPAT ,KETEMU TEMAN"" JG SAUDARA""ğŸ‡²ğŸ‡¨ğŸŒ"
Ilyas Muhadji,5,2024-07-12 02:25:36,Good
Opa Kaira,5,2024-07-12 02:01:30,Mantap
Dianitha Ariella,4,2024-07-12 00:10:56,bagus
Watora watora Watora watora,1,2024-07-11 23:47:43,Miakm
FATIMAH FEBRIANA,1,2024-07-11 18:51:46,"Bnyk gaya IG !!! Aplikasi ini sampah !!!!!!ğŸ¤®ğŸ¤®ğŸ¤®ğŸ¤®ğŸ˜¡ğŸ˜¡ğŸ˜¡ğŸ˜¡ bergurulah kau IG sama tiktok, tiktok tuh lebihhhh bagusssss !!!ğŸ‘ğŸ‘ğŸ‘ğŸ‘ IG aplikasi sampah!!!!"
Refand SlowbassKane,2,2024-07-11 17:24:57,Login akunya lama min wkwk
BANG PAUNK,5,2024-07-11 17:17:33,Ok
Ani Syaokani,5,2024-07-11 16:22:05,baik
nadiman atmorejo,5,2024-07-11 15:10:40,threads penuh isinya dengan kaum hawa jadi saya menikmati unggahannya ğŸ˜Š
Joka Poerbianto,5,2024-07-11 14:08:20,"Suka sekali, user friendly."
Fahma Syarifa,5,2024-07-11 11:40:13,Menarik
Zumardin saja,2,2024-07-11 09:47:12,Oke
Widia Astuti,5,2024-07-11 09:05:12,"Baru setahun threads muncul sudah banyak pengguna. Aplikasi belum banyak iklan, mungkin nanti beda lagi."
Adin Makiez,5,2024-07-11 08:53:07,Selamat ğŸ¥³ğŸ‚
Anita Rahayu,5,2024-07-11 08:08:59,baguss
Junianto Nababan,5,2024-07-11 06:50:04,Atap
Made Suwena,5,2024-07-11 00:28:57,bagus
Kokom Komalasari,5,2024-07-10 23:45:01,Seru......!!!
Zyn Esthetic,1,2024-07-10 22:33:15,"Baru buat akun, baru donlod, eh di tangguhkan. Aplkiasi konto"
Utsukushi Rizmi,5,2024-07-10 19:37:50,Keren
vieya holiday,5,2024-07-10 16:33:46,good
vera wihda,5,2024-07-10 15:35:26,the best
Jhoo Kawer,5,2024-07-10 15:22:37,Good
Quddus Abdulqudus,5,2024-07-10 14:33:13,Bagus bageet
nabill abyu,4,2024-07-10 14:26:14,bgus
Hasrat Adilase,5,2024-07-10 13:10:52,sangat baik tingkatkan lagi. buat akun saya lebih viral #viral
Smnthaa,5,2024-07-10 12:51:18,"Balikin flipside, bah"
Aulia Ya,1,2024-07-10 12:06:20,aplikasi buangsad
Nita Lestari,4,2024-07-10 10:06:47,lumayan teman segala suasana
Rama Dani,1,2024-07-10 09:32:49,Good
Rudys Tira88,5,2024-07-10 09:13:17,"seni, mantap, jempol, harus instal sih buat kalian yang belum instal"
Abdul Azis,5,2024-07-10 07:36:17,good job
Vin Son,5,2024-07-10 07:03:42,Saya memuaskan
frans evelyn,5,2024-07-10 06:38:05,Ok
Manggemangge Mangge,3,2024-07-10 03:43:54,Mencoba
NurHayah AlyaNur,5,2024-07-10 01:08:10,"Enak aja baca threads ,banyak tulisan bagus.Nambah ilmu,perbaiki ahlak diri"
Soft Zone,1,2024-07-10 00:32:03,"mengapa aetelah main threads, akun ig yg terhubung dengan threads selalu kena penangguhan tanpa alasan yg jelas. banyaknya yg likes karena utasanku, banyak yg follow dan komen di utasanku apakah itu jadi masalah? kalau sekiranya jdi masalah lebih baik hilangkan saja fitur likes, komen dan buat utasan baru. serta sistem mendeteksi kata"" yg dianngap itu sebagai kata kasar, sedangkan kata apalagi yg digunakan untuk bercanda terhadap kenalan di threads?"
Dadang Suryana,5,2024-07-09 22:08:38,mantapkan
Anoriyan Yusuf,5,2024-07-09 17:02:38,keren
Chombat,3,2024-07-09 14:30:55,"Kasih dulu bintang ,3"
Nizzar Bhilowo,5,2024-07-09 13:00:08,Saaaaaangaaat mantap sekali
renken,1,2024-07-09 12:53:03,thread saya tidak ada titik 3 untuk menghapus komentar
NattoPedia,4,2024-07-09 11:51:46,Kapan ada fitur read aloud seperti aplikasi lain? Terkadang saya tidak fokus membaca dan ingin mendengar saja.
Ketut Adiane,5,2024-07-09 10:48:01,Good luck ğŸ€
Alex Penyiar Oficial,5,2024-07-09 09:57:29,"Setiap Manusia yang memiliki Jiwa Seni ia memiliki ide Kreatif yang Cukup Banyak. Namun saat jiwa dan pikiran nya terganggu oleh sebuah peristiwa, maka ia akan terfokus dalam mendeteksi peristiwa tersebut, dan kreativitas yang awal di lakukan nya akan terhenti. namun yang pasti ia akan menemukan ide baru dalam menghadapi Peristiwa tersebut. tapi bagaimana bisa ia menemukan kreativitas ide nya sementara ia dalam masalah?? mmmmm.. karena ia menganggap di balik peristiwa itu ada Hikmahnya"
Aldi Anto,4,2024-07-09 09:51:26,"Halo kak saya pengguna baru di sini, gimana ya caranya lihat komentar dipostingan orang lain maupun di postingan sendiri?.."
Samsul Anwar,5,2024-07-09 05:54:01,Baru coba
muszlim abdi,4,2024-07-09 05:34:53,Lumayan bagus pertahankan keamanan penggunanya
Zul Aja,5,2024-07-09 04:11:31,Mantap
Adrian Dwi Anggara,4,2024-07-09 01:19:42,nice
Zainudin Zain,5,2024-07-09 00:38:26,keren
Kacank 86,1,2024-07-08 23:10:22,Asu
Piter Na'u,5,2024-07-08 18:58:42,ğŸ‘ğŸ‘
RYAN ADI MUSTAFA,5,2024-07-08 17:52:22,ok
Baden Dafa,5,2024-07-08 14:36:26,sangat senang
Alfandri Ivanz,5,2024-07-08 14:02:32,aplikasi terbaik dan simple
Nanaa Cuyy,5,2024-07-08 13:25:38,Plissss demi apa ini apk bgs bgt followers gw 1 minggu bisa nambah 500 ğŸ˜½ğŸ‘Š
Ccepi goler Goler,4,2024-07-08 11:31:38,ok
M. Aesar,5,2024-07-08 11:29:55,Baru saja gabung di Threads sementara masih bingung untuk melihat postingan
Jatinom,5,2024-07-08 10:53:25,bagus banget sukaaa ğŸ˜ğŸ’—
MidÃ«valla EirÃ«n,5,2024-07-08 10:21:20,"overall good, gw sih minta adakan fitur list kyk sebelah agar konten lebih terorganisir"
R Sugih Wibowo,5,2024-07-08 09:20:38,Mantap betul
Zaydan Zaydan,5,2024-07-08 08:18:24,terbaik Aplikasi ini Threads semoga kedepannya bisa lebih baik lagi...
Okiess Beerry,4,2024-07-08 08:05:24,lumayan baik hampir mirip dengan Twitter..
afif kangtemon,5,2024-07-08 07:42:09,top
qurrotul aini,2,2024-07-08 01:57:50,Gabisa ganti foto profil
Jenly Ngelo,5,2024-07-08 01:14:37,keren
Sandranita Umar,5,2024-07-08 01:12:34,"Saya baru bergabung, tapi saya lihat ini sangat baik. Sukses selalu"
Amir ALF,5,2024-07-07 23:08:21,ol
Udayana Channel,5,2024-07-07 19:21:07,keren
Robby Andreas,5,2024-07-07 17:38:06,"Low toxic contents, love it"
muqsith,5,2024-07-07 15:55:03,Terimakasih
Bambang Suwignyo,5,2024-07-07 14:35:14,Lumayan
Yosep Agung,4,2024-07-07 14:17:33,Ok
Agung Comsel,4,2024-07-07 14:14:36,Singkat padat
Satria Mega Mega,5,2024-07-07 12:24:41,Cukup Bagus .
Flora Paat,5,2024-07-07 12:19:39,Mantap yg ditampilkan
Wahyu Ramadhani,5,2024-07-07 11:56:37,Sangat Bagus tidak ada kendala
Oscar Neccolas (Preman insaf82),5,2024-07-07 11:54:44,Mantap
Dalwan Rawy,5,2024-07-07 11:19:10,Oke
rizal rizal,5,2024-07-07 10:15:32,suka
Slamet Sudi santoso,4,2024-07-07 09:24:06,Baik ...membantu kita lebih banyak kenal orang2 yg berkualitas dibidangnya
HARIS SHOFIUDIN,1,2024-07-07 09:12:53,"Saya buat akun untuk organisasi pas log in kok langsung suspend min, solusinya gimana?"
Siti Fatonah Fatonah,5,2024-07-07 07:09:06,Bagus Terimakasih... ğŸ™
Rudi Yanto,5,2024-07-07 06:02:20,Saya bisa aman bila ngobrol di sini
Syahruddin Rudi,5,2024-07-07 04:01:21,Sangat baik
Ratih Dery,1,2024-07-07 03:59:38,"Kurang bagus, tidak bisa menampilkan postingan di Treads ,sudah di coba di Instagram pun sulit keluar postingan gambar ..."
Arwin Hariyadi,1,2024-07-07 02:32:01,Sampah
joni hendra (hendra),3,2024-07-07 01:12:30,baik
Didik,5,2024-07-07 00:47:49,siip
Yuven Daur,5,2024-07-06 23:52:07,nicee
Tatang Muhtar,5,2024-07-06 22:47:38,MantapğŸ‘
Black Z250,5,2024-07-06 19:10:53,mantap... menambah teman serta wawasan...ğŸ‘ğŸ‘ğŸ‘
Cik yadi Yadi,5,2024-07-06 17:01:59,ğŸ‘ğŸ‘
Athar Ahdani,5,2024-07-06 15:11:47,bagus cuma algoritma nya belum optimal. selebihnya bagus
Gita Putri,4,2024-07-06 13:48:24,lumayanlah
dodi san,5,2024-07-06 13:34:57,ada yg baru nih
Anak Desa Lio,5,2024-07-06 12:31:36,lebih difilter lgi ya klo ada yg modus penipuan di aplikasi ini..
Ka Fathurr,5,2024-07-06 12:05:38,berhasil bunuh twitter
Ziadatul Munawaroh,4,2024-07-06 10:25:08,Bagus
arya amstrong,5,2024-07-06 09:47:00,Good
R I F K I,5,2024-07-06 08:39:02,Aku bisa dapat cuan dari threadsğŸ•º
Dwi Andriani,5,2024-07-06 08:24:14,Alhamdulillah senang bisa gabung di trend dan pertama pakai trend bingung sendiri cara liat postingan. Alhamdulillah sekarang udh paham dan semoga aplikasi trend bisa jadi inspirasi untuk pengguna lain ğŸ¤²ğŸ™
Gallery Official,2,2024-07-06 06:24:57,Lumayan
Gede Nyoman Dibiantara,5,2024-07-06 03:17:11,ğŸ™ğŸ™ğŸ™ bagus
Honorata Rambu Anna Djawa,5,2024-07-06 02:46:55,Good luck
Andrie Taufan,5,2024-07-06 01:35:42,asiipppp
Eka Ritma Ardani,1,2024-07-05 23:30:14,Sejak instal & aktif buat threads setiap 2 atau 3 hari ig langsung ga bisa dibuka. Udah verifikasi berkaliÂ² pake no hp tetep gagal. Saya kecewa sekali padahal konten di threads bukan konten sensitif. Sekarang baik akun instagram ataupun threads gak ada yg bisa dibuka. Menyebalkan sekali
Muflihun Lihun,5,2024-07-05 23:20:53,Saya merasa bersyukur dengan aplikasi ini karyaku jadi di kenal dunia
Teguh Susanto,5,2024-07-05 19:08:58,Sangat cocok
Hasbi Muhammadasidqi,5,2024-07-05 18:25:35,Baguss lahhh
Siti heni Afifah,5,2024-07-05 11:03:38,Sangat bagus
Na Ina,2,2024-07-05 08:29:18,Saya mendonlot aplikasi ini knapa akun ig saya ilang knapa yh??
Dami Erro,2,2024-07-05 08:02:09,Percobaan
Anita Yunita,5,2024-07-05 03:06:40,bagus sekali terus tingkatkan ya
Nurma Maha Bayu,2,2024-07-05 03:01:28,"Sering banget sekarang instagram sy di suspend, padahal jarang banget posting"
Jamal Ika,4,2024-07-05 02:53:19,Suka dengan berita dari facebook
ADI SUDRADJAT,5,2024-07-05 00:53:27,"Aplikasi keren,"
peristiwa channel,5,2024-07-05 00:38:10,amazing
Suriana Xie,5,2024-07-04 23:29:11,Apa gara-gara aku sering komentar di threads jadi akun IGku sering sekali ditangguhkan? ğŸ˜­ğŸ˜­ğŸ˜­
Supardi Lmg Channel,5,2024-07-04 23:29:00,Bagus sekali
Dian Ermawan,5,2024-07-04 18:12:54,keren banget ğŸ‘ğŸŒ¹ğŸŒ¹ğŸŒ¹ğŸŒ¹ğŸ™ğŸ™ğŸ™ğŸ™
Agung Sardono,5,2024-07-04 18:06:37,God god
Ahmad Rivai,5,2024-07-04 17:36:22,Bagus
Tiaap23 1188,1,2024-07-04 17:18:28,Baru instal suruh apdate
Rasidi Sidi,5,2024-07-04 14:55:48,mantap
Saskia Najuwa,4,2024-07-04 13:45:48,"Saran saya, berikan izin untuk pengguna akun private untuk memberikan komentar kepada postingan lain! overall saya nyaman dengan aplikasi ini"
DANDI R RAMDANI,2,2024-07-04 13:37:45,Ribet
Ummi Zuhriah,5,2024-07-04 13:36:51,"Suka banget ,karena apresiasi para pengguna begitu menyenangkan"
gupran jayadi,5,2024-07-04 13:16:35,memuaskan
Salsa Dila,5,2024-07-04 12:47:28,"Ramah ramah, seru, asik, menyenangkan"
Undang Solihin,5,2024-07-04 12:27:22,"Terimakasih Threads, an Instagram...? ğŸ‡®ğŸ‡©ğŸ™â­â­â­â­â­ğŸ™ğŸ‡®ğŸ‡©"
Ifa Nizma,2,2024-07-04 12:16:30,Tolong di perbaiki lagi aplikasinya karena banyak pengguna threads keluhkan penangguhan instagram setelah menggunakan threads
Fatim Aracan,5,2024-07-04 11:23:52,Boleh aja
Atik Muslimah,3,2024-07-04 11:20:55,Belum bisa di download
Jihan Qorira,2,2024-07-04 06:05:07,Jangan main ini kalo akun Instagram kalian mau aman
Jen riyan,5,2024-07-04 04:40:13,Lupa katasandi
raden rahmatullah,5,2024-07-04 02:29:44,Yes okeğŸ‘
Aagustin Agustin yani,5,2024-07-03 19:05:15,Aplikasi
Bernadt Beer,4,2024-07-03 18:17:04,ok az
Mustakhfirin Ramadhan,5,2024-07-03 16:20:20,ğŸ˜ğŸ‘ğŸ‘ğŸ‘
Alghifary,5,2024-07-03 15:56:10,Baguss
Theny 87,5,2024-07-03 14:53:14,mantap
Siti Lailatul,5,2024-07-03 14:01:48,Bagusss banget karna apk ini akun ig gue yg ilang balik lagi
Black Wido,5,2024-07-03 13:58:45,aplikasi yang sempurna untuk promosi produk atau kehidupan sehari-hari menjadi kreator di aplikasi ini dengan mudah dan cepat
Si Gondolz,5,2024-07-03 13:43:35,PLIS JANGAN DIKASIH IKLAN... UNTUK SAAT INI UDAH BAGUSSS
Vivo Medan,4,2024-07-03 13:28:37,Bagus
Nur Nafingah,2,2024-07-03 12:44:19,"Nggak bisa hapus postingan , nggak bisa edit postingan . Masih banyak kurangnya . Coba di upgrade lagi"
muamar kadapi,5,2024-07-03 08:35:21,Ketak - ketik tiap hari ğŸ¤­
yudi kristono,5,2024-07-03 07:56:16,Bagus
Sanusi san san,5,2024-07-03 03:59:51,ğŸ‘ğŸ»ğŸ‘ğŸ»ğŸ‘ğŸ»
Baja Tama,5,2024-07-03 02:33:05,Asik
Listiono,4,2024-07-03 02:26:36,Cukup bagus
Shita Nurma,3,2024-07-02 23:51:00,ğŸ˜Ÿ Please Threads ğŸ˜ŸBissa Simpan Video Donk Please Bissa Save Video Donk DiGaLeriğŸ˜Ÿ
Sufyan Tsauri,1,2024-07-02 22:46:23,"aplikasi jelek, ig gua gabisa masuk"
Sri Satya Budi Atyani,4,2024-07-02 21:37:20,"Bisa tidak ya? Nonaktifkan instagram, tapi thread masih aktif?"
Wak Becak,1,2024-07-02 19:54:29,BAYAR
Jessi martino tjiptoning,5,2024-07-02 18:00:46,Bagus
Alfarishi Aisnur,5,2024-07-02 17:19:22,Ayudkf Yha ozy oy PP surya ye Org ksgs
Putra Tarantula,5,2024-07-02 17:15:55,Ok
MAEL GZ,5,2024-07-02 16:36:08,"hallo admin! sejauh ini aplikasi threads ini sangat menghibur sekali, terlebih pada postingan yang bertemakan komedi.Sayangnya ada sebuah kekurangan yang mungkin kita butuhkan yaitu kita tidak dapat membaca komentar pembaca lain terhadap postingan,saya memohon sekaligus meminta supaya pembaca dapat membaca komentar, Terimakasih."
neyla NW,5,2024-07-02 16:27:47,nice
savaarr,4,2024-07-02 11:04:27,oke
Siska Rindyani,5,2024-07-02 10:38:49,"sangat menghibur,punya banyak teman"
mahardika channel,5,2024-07-02 10:09:47,Bagus kak jadi pengen terus
Rama Suryadi,4,2024-07-02 09:30:30,Hanya belum mengerti kelebihan apa yang dimiliki Threadd
Selamat,4,2024-07-02 08:11:55,Baik
Google Googling,5,2024-07-02 04:15:40,Hallo meta.. sejauh ini saya menggunakan threads baik baik saja tapi sebulan terakhir fitur hapus utas (titik tiga) di akun saya menghilang jadi saya kerepotan unyuk menghapus utas saya. Mohon di perbaiki. Saya sangat kesulitan.
Yugo Prasetyo,5,2024-07-02 03:22:04,Keren asli..pengalaman baru
Eligius blido Namang,5,2024-07-02 02:18:21,bagus
HUDI PRAYOGA,5,2024-07-02 01:13:58,Tambahin konten 18+ dong
Alexs,5,2024-07-01 22:37:08,good luck
Reza 2024,5,2024-07-01 19:08:42,mantap
Ketut adiana,5,2024-07-01 19:02:48,Sangat bangus
Adi Efendi,5,2024-07-01 15:09:34,Bugis
Albert Rizky,5,2024-07-01 13:06:31,Lumayan
NENENG YUHANISAH,5,2024-07-01 13:05:49,Aplikasinya lmyn bgs
Arief tata,5,2024-07-01 11:25:31,Good
File 21,5,2024-07-01 11:13:54,Bagus juga
Hans Powel,5,2024-07-01 10:17:59,â­â­â­â­â­
Mail Rachman,4,2024-07-01 09:12:17,"bagus, but.. kurang komunikatif aja"
Andre Wuarlela,5,2024-07-01 08:33:15,cukup bagus untuk bisa menulis segala ide dan pikiran sekaligus gagasan
Abang Medan,5,2024-07-01 07:19:46,is the best application
Nayla Kiasaty,5,2024-07-01 06:54:32,ğŸ‘ğŸ»ğŸ‘ğŸ»ğŸ‘ğŸ»ğŸ‘ğŸ»ğŸ‘ğŸ»ğŸ‘ğŸ»
Gesit Maulansyah,4,2024-07-01 06:18:54,semoga bagus terus
Anca Ferdiansya,5,2024-07-01 05:15:55,Aplikasi nya bagus ğŸ‘
Anika Khan,4,2024-07-01 05:06:41,Sejauh ini masih bagus app ini tidak ada masalah semoga lebih baik saja
ZL Fan,1,2024-07-01 00:52:31,"Tombol hapus ilang yang bisa titik-titik di kanan atas postingan, aplikasi rusak"
Hendrick,5,2024-06-30 18:59:40,Kurang suka
Kiki Husen,3,2024-06-30 18:36:06,Bagus
Vamberrino Susain (Rino),5,2024-06-30 17:45:46,Bagus
Ff Gamrusak,5,2024-06-30 15:47:57,keren bro dapet konten gw
Yopi Oktora,5,2024-06-30 15:41:36,ok banget
Imam Hidayat Hrp,5,2024-06-30 13:34:12,seru juga cari sahabt
Jamal Tanniewa,5,2024-06-30 13:15:10,Semoga bermanfaat ğŸ¤²
Lia Darliati,5,2024-06-30 08:01:51,Mantap
Pak B,4,2024-06-30 06:09:34,Bagus
Yudo Wintarto,1,2024-06-30 05:00:46,"ga pernah posting ga pernah coment, tiba tiba ke banned 80 hari, yasudah sekalian uninstal aja..."
ETHIS Malang,5,2024-06-30 03:58:49,Lebih banyak mendapatkan informasi
Ibnu Yuswan,1,2024-06-30 00:38:44,"Aplikasi gak jelas,komen gak ada yg sarkas.malah kena Bane ..produk yahudi emang menyebalkan.komen positif malah dibane,komen esek2 malah aman.aplikasi sampah."
Asril Laahen,1,2024-06-29 18:49:33,nice
Ignatius Sutrisno,4,2024-06-29 17:40:06,Kok banyak iklan males aku jadinya.
ABIYU PARFUME,3,2024-06-29 17:20:12,Belum ada pengalaman
arifah arifin,5,2024-06-29 17:17:52,Masya Allah ğŸ’¦
Ade Feri Ramdon S.S,5,2024-06-29 16:30:42,tambah sedulur... ayo saling follow.
Kharisa Maudi putri,5,2024-06-29 11:30:49,"Baguss aplikasinya bisa simpen foto apa aja suka banget aplikasi itu, suka banget sama aplikasi ini, seruu aplikasi itu ğŸ¤©ğŸ‘ğŸ»"
yabunayya jakarta,5,2024-06-29 09:56:09,Bagus. Inovatif
Jane Ariyani Putri,3,2024-06-29 07:01:55,kenapa suka lag gt?
giska oselia,5,2024-06-29 05:30:07,sukaaaa bgtttt sama apk nyaaaaa
lino sidabutar,5,2024-06-29 04:29:55,Semoga data kami tetap aman
EgyIQgnasziuss EgyIQgnasziuss,5,2024-06-29 04:22:41,sangat bagus
Rahma Lusiana,3,2024-06-29 02:29:45,"- Durasi rekam suara dipanjangin kalo bisa, biar bisa posting cover song satu lagu penuh. - Terus pas rekam suara nih kalo misal dibiarin sampe selesai tanpa pencet itu malah rekamannya jadi hilang sendiri, jadinya tidak tersimpan. - Tombol save threads dideketin barengan sama tombol like dan posting ulang biar gampang."
suhendi suhendi,5,2024-06-28 19:49:27,good
Afisa Vivo,5,2024-06-28 17:09:15,Bsgus
Dilan,4,2024-06-28 15:17:21,keren ni aplikasi bisa nyambung sama ig cmn ndk tau chat caranya chat di sini gimana
Erwina Dwiyani,5,2024-06-28 14:38:45,kyk nya pd nyaman ya curhat di sini
Hafsya Anugrah,3,2024-06-28 14:26:02,ğŸ‘ğŸ»
Suprianto Santo,3,2024-06-28 11:49:18,Baru. Cobasi
Queen Sandra,1,2024-06-28 07:53:19,ApaÂ² di batasi. Ga seru
Hasanah sanex Sanex,5,2024-06-28 07:23:57,sangat menyukai ini di sini saya bisa ungkap kan apa yg saya rasa kan hingga saya menjadi lebih tenang
Anika Angella,3,2024-06-28 05:37:18,Kenapa tiba tiba kaya tidak terdaftar gitu ya...
Bayu Ardiansyah,1,2024-06-28 05:33:50,BAPERAN AMAT ANJJJ JADI DEVELOPER
Ujang Unchoel,5,2024-06-28 05:25:36,Mencoba gunakan thread
Dragon Nezer,3,2024-06-28 00:43:08,mo upload video kok gk bisa skrg
Ice Kurniawati,5,2024-06-28 00:38:40,bagus
Hardi Wins,5,2024-06-28 00:34:22,Keren
Al Putra,1,2024-06-27 23:38:29,susah dapat like postingannya
Spirit of wonder,1,2024-06-27 22:51:30,Kenapa ketika mau mengikuti atau pun berkomentar tidak bisa tolong di perbaiki
NSN ICHA OFFICIAL,1,2024-06-27 17:43:31,Awal mula bencana rumah tangga. Naudzubillah. Jangan di instal
Bez Skyper,1,2024-06-27 17:04:53,Sering membatasi komentar
Andira Kembar,5,2024-06-27 15:48:52,opsional
Rus Pasundan,5,2024-06-27 10:15:14,Sangat bermamfaat
dedi gaek,5,2024-06-27 07:32:17,mantabs
Dessy Puspita,5,2024-06-27 07:30:34,Trending
Wili Andiansyah,5,2024-06-27 04:56:58,asik
Iwan Handoko (Albertus),4,2024-06-27 02:14:20,Menyukai
Muhammad Rajab,5,2024-06-27 01:18:35,Baguss
L XL,5,2024-06-27 00:17:28,"Threads, an lnstagra..."
icmikota tangsel,5,2024-06-26 23:38:19,Top deh
DIKA DWI,5,2024-06-26 22:44:24,Dari treads saya menemukan banyak orang berani mengekspresikan dirinya
aly zaenal Abidin,4,2024-06-26 21:43:23,bagus
Putriani Putriani,4,2024-06-26 21:23:16,Baru tau dan Bagusss akuu suka
Fauzan Afandi,3,2024-06-26 17:02:19,pembaharuan tiap hari kah ?
Agung Lesmana,5,2024-06-26 16:55:46,Gokil ni app.
Raka Tea,5,2024-06-26 16:03:15,Bagus
Khai Ruddin,4,2024-06-26 15:43:29,Canggih Sesuai dengan nama
Nizma Sahara,1,2024-06-26 14:37:29,"aplikasinya bagus dan mudah di gunakan sayangnya bnyak akun arsip atau akun ig pribadi yg hilang hanya karna utas threads, padahal hanya bikin utas biasa ngobrol dengan teman, tapi akun kita di tangguhkan sampai permanen, sumpah nyesek banget padahal kalo liat menu pelanggaran di bagian privasi kita samsek gapunya catatan/laporan pelanggaran,kan aneh :)"
Zet panahal Losoh,5,2024-06-26 14:25:21,Baik
Segita Mei,5,2024-06-26 13:45:35,good
Deden Sumarna,5,2024-06-26 13:38:43,sangat membantu dan bisa mempunyai banyak teman
Erlin Bunga,4,2024-06-26 13:25:58,bagus
Atirah Atirah,4,2024-06-26 13:05:54,lumayan lah
Apendi Shea,5,2024-06-26 12:34:09,Baru nyoba
delly rampen,5,2024-06-26 11:47:32,Ok
Doddy 100685,5,2024-06-26 11:37:33,baik
Whis Cryogenic,1,2024-06-26 10:23:21,Hati2 makai Thread. Qkun IG mu lenyap di nonaktifkan sepihak
Yonas Wong,5,2024-06-26 06:16:51,GoodğŸ‘
Fajri -,5,2024-06-26 05:19:34,OKğŸ‘
Haliza Bunga,1,2024-06-26 03:31:35,"Halo admin, awalnya sebelum main th akun ig saya amanÂ² aja, tapi knp pas main th kok tibaÂ² dpt notif akun anda dinonaktifkan dan harus pengajuan banding. Pas udh pengajuan banding akun saya malah ilang. Tolong dong dibenerin lagi biar ga ngaruh ke Ig org, tlg jg akunÂ² yg folls besar sprti punya saya hilang gitu ngrs kesel bgt sakit hati kecewa, bnerÂ² ini apk tdk sprti yg ku duga. Ngancurin semua hidup org akun Ig nya harus dinonaktifkan pdhl g salah apaÂ² g ngelanggar aturan, udh 3Ã— dpt notif gtu"
Karyono Karyono,4,2024-06-26 02:04:18,"Saya Pengguna baru jadi masih blm bisa ngasih ulasan tentang apk ini,tapi saya harap ini bisa memuaskan pengguna"
Purnama Risma Pardede,5,2024-06-26 01:59:45,real.
Syaa Akira,4,2024-06-26 01:01:22,"shebel bgt masa ig gue jadi sering ditangguhkan?? ğŸ˜ ğŸ˜  pikir aja sm luw, gue pagi pagi buka ig, harus verif gini gitu, kan cape ğŸ™ğŸ»â€â™€ï¸ pdhl gue ga cerita aneh aneh, jelek banget siiw, GsukaDeh, tp y ak males karna ig aku sering ditangguhkan aja y, si far selain masalah jelek itu yang apaan banget yang lainnya gemes, baik baik aja yh ğŸ˜œ tp mksi yh aku jd bisa ngobrol ğŸ¤­ğŸ¤­ xixixie"
Putri Wulandari,4,2024-06-26 00:20:43,Baik
I Wayan Suryawan,5,2024-06-26 00:19:27,Luar Biasa
Maryana Ana,5,2024-06-26 00:14:15,"saya pemula di treads ini, jadi belum banyak teman...apalagi yang nonton dan like... semoga kedepannya lebih baik lagi"
Yuga Rudi,1,2024-06-25 20:50:41,Tolong perbaiki dong. Saya follow orang hanya bisa 50 maksimal.. tolong kembalikan seperti dulu . Maksimal 300
wah yono,5,2024-06-25 16:04:55,sangat menarik untuk mengapreasikan perasaan hat
Indramakmursese Indra,5,2024-06-25 15:37:27,sangat membantu
Dan Ibrahim,5,2024-06-25 13:51:41,ok
Cristina Olivia Sitompul,5,2024-06-25 13:11:39,bgs dribble
Dio And Game,1,2024-06-25 12:16:53,"akun threads di bio instagram tidak bisa disembunyikan, minimal sedikit memahami lah kalau ga semua pengguna mau ada nama akunnya di bio terpampang segede itu, mohon di update selanjutnya akun threads nya bisa di hide dari bio ig saya mohonğŸ™"
Andra Teksy,3,2024-06-25 11:25:47,saya kasih bintang 3
Bang Per Ferry (Ferry Mulydi),5,2024-06-25 05:40:09,"Aplikasi sangat bagus, sayangnya masih sering ada bug, sering ada masalah jika mau komen, sering dikenai batasan ... Selebihnya oke ... Gara gara thread kita bisa curhat, ngoceh , dan bersosialisasi dengan warga thread sendiri"
kisman ishak,5,2024-06-25 04:46:09,the best
daniel dita,1,2024-06-25 04:15:57,Kenapa thread / instagram suka main akun saya ditangguhkan tunggu aja closed service
Orang,4,2024-06-25 04:12:33,"Kayak Ig biasa, Tpi disini tmnku lebih bnyk"
Abdara Abdara,5,2024-06-25 04:03:46,sangat termotivasi adanya aplikasi ini. sehinnga saya bisa melakukan kegiatan lebih banyak lagi.
Putu Ayuni,5,2024-06-25 03:57:39,Pengetahuan zaman teknologi DIGITAL MODERAN yg mencerdaskan juga wawasan tentang kemajuan peradaban duniağŸ™
Tedy Juliansyah,5,2024-06-25 03:25:53,Good
Rifatul Mahmudah,1,2024-06-24 17:52:16,Threads jelek banget sumpah akun ig gue ke blokir gegara main treads dan kena suspend trs sample 14 kali tingga yang ke 15 kali akhirnya ga bisa confirmed lagi ğŸ˜¡ğŸ˜¡ğŸ˜¡
Ismat Vaisz Gagah,5,2024-06-24 17:04:44,Mantao
juned juned,4,2024-06-24 16:38:05,Semoga Kedepan akan semakin ramai ..
Polmen siadari,3,2024-06-24 15:43:19,biarkan tetap begini.
Herlan Sukajadi,1,2024-06-24 15:43:03,Tidak bisa login
Andika Hermino,3,2024-06-24 13:57:06,Br mencoba klo bagus ku kasi bintang 5
Binsar MH Malau,5,2024-06-24 11:55:16,"Bagi saya aplikasi ini sangat bagus dan menginspirasi kita utk mengembangkan bakat ngonten, utk lebih detailnya silahkan download aplikasi nya."
putra uta,2,2024-06-24 11:53:27,WOI GRGR LO AKUN CWE GUE ILANG SHAATT
R Wan,1,2024-06-24 11:32:34,"Cuma buat posting posting doang, buat apa gk guna. Cari jodoh gw mah, taaruf"
Fikri,3,2024-06-24 11:28:48,Sya cuba dulu bagi 3 ğŸŒ ğŸŒ ğŸŒ 
Hernawan Labib,4,2024-06-24 10:56:31,"Baru pake seminggu kok gk bisa posting,gk bisa komen,, akun di batasi, salah saya dimana ya"
Sabrina Oktavia,5,2024-06-24 10:09:56,Bagussss bangetetet
Sarah Yoisangadji,4,2024-06-24 09:23:46,Bagus
Wahyu Hermawan,5,2024-06-24 08:23:44,sak josse
yudhi bale,5,2024-06-24 08:09:06,keren
Anastasya Yustika,5,2024-06-24 06:19:57,"seneng banget pake threads , orang orang nya positif vibes dan ramah serta saling support âœ¨ğŸ¤"
BaymsLBTC,1,2024-06-24 01:45:46,males ga bisa bikin fyp
Syifakinara Azahra,1,2024-06-24 01:10:01,Pendo
Isna Saratu,5,2024-06-23 23:47:56,Baru mau coba pakai
nandar Ismail,4,2024-06-23 15:30:02,Terjemahan teksnya belum ada
Akrim Kim,5,2024-06-23 13:14:51,Baguss sejauh in
Qurotul Aeni,5,2024-06-23 12:42:39,bagus bgt aplikasi nya
Sena Sonjaya Akbar,1,2024-06-23 10:57:33,"Saya tidak memuat konten negatif apapun dan tidak berkomentar negatif, akun saya malah dibekukan oleh pihak Treads, kenapa ya ? Kok akun porno, akun gak jelas, fake account, akun yang membagikan hal2 yang bersifat negatif malah dibiarkan berseliweran ?"
Stenly Almaarif,1,2024-06-23 09:20:44,Gajelas
Sindi Maulida,5,2024-06-23 07:10:19,sistem UI nya enak dan postingan yang lewat sesuai minat
Garam Goreng,5,2024-06-23 05:49:24,"cukup memuaskan, semoga updatenya juga lebih baik"
Gallen Ganendra,1,2024-06-23 05:15:28,"Buat Kalian yg login threads terutama yg threadsnya suka ke log out sendiri, coba cek keamanan deh, abistu tempat login, ada gambar pc (perangkat tidak dikenal) gak. soalnya udah 3 kali ini IG gua kena penangguhan terus awalnya mikir kena hack tapi baru ngeh setiap buka thread ig ada yg login perangkat baru sadar kayanya ini aplikasi bikin bug, kalo ada saran apus aja threadnya, daripada eror malah merambat ke ig nya langsung"
Riduan Duan,5,2024-06-23 03:11:06,Siip
David Scr,1,2024-06-23 02:47:26,Nice apk
Raraa Aura,5,2024-06-23 02:16:12,ğŸ’—ğŸ’—ğŸ’—ğŸ’—ğŸ’—ğŸ’—
Mutiara Salsabila,3,2024-06-22 22:54:37,"Halo, kenapa threads saya tidak bisa posting tulisan ya? Tolong jawabannya, dan akhirnya saya uninstall. Sekarang coba download lagi semoga bisa posting tulisan."
Dua putra IzzuLdavanka,1,2024-06-22 17:34:10,Iklanya aplikasi ini sangat mengganggu
Dee Shop,5,2024-06-22 16:23:37,I like instagram
Michael Paniroi Napitupulu,5,2024-06-22 16:06:08,Ok
setiawan pribadi,5,2024-06-22 15:20:48,Bagus
Nova Kristiana,5,2024-06-22 15:14:23,Saranku Tolong Threads Bisa Bikin Versi Lite Karena Minim RAM Internal Semoga DipertimbangkanğŸ™ğŸ™ğŸ™
dying funeral,5,2024-06-22 14:29:03,Bagus cuma blom terbiasa saja
Fela Cahyani,5,2024-06-22 13:39:30,Bintang dulu blm ku coba aplikasiny
Rere,2,2024-06-22 12:40:36,Apasi klo buat apk tu yg bener masa iya ngebug trus padahal jaringan ok pakek wifi rumah aj masih tetep.
Musya Warah,5,2024-06-22 11:34:52,Pengalaman mengajarkan kita tentang kebaikan sistem pelayan trip yg dapat kita terapkan
Yuni Astuti,5,2024-06-22 10:39:46,asikk
Roni Septian BK,5,2024-06-22 09:35:38,"Alternatif X, moga kedepan lbh baik ya threads â¤ï¸"
Stefany Fany,1,2024-06-22 09:01:44,I don't know why the three dots at the left top of my post doesn't appear.
Java Harmony,5,2024-06-22 08:06:13,Walau rakyat threads belum ' seganas' warga X....tapi lumayanlah untuk hiburan. Kalo medsos sebelah jadi ditutup sama si Darto Helm KW....ya pindah ke threads.
Gusti putu Eka mahaarta,5,2024-06-22 07:52:24,mantul
Noldy Van Rate,5,2024-06-22 07:15:15,sangat keren aplikasinya
Agus Susanto,5,2024-06-22 07:07:19,Good
Marselia Bidullah,5,2024-06-22 05:48:54,Menjadi aktifis yang lebih baik dan mengembangkan lagi thanks ya
Agus Karwanto,5,2024-06-22 04:00:31,ok
Yosi Haryoso,5,2024-06-22 03:30:20,Oke
Anrikho Putra Bagaskara,1,2024-06-22 03:09:59,Ngga masuk akal pembatasannya
Chevi Ibots,4,2024-06-22 02:26:41,okeh
ali susanto,5,2024-06-22 00:10:27,Ok
Zamriaty Piliang,3,2024-06-21 19:09:10,"App nya update otomatis,setiap update balasan komentar tidak muncul..bikin kesel aja..jdi gak bisa lihat balasan komentar kita.. hrus hpus data lagi dan login ulang,begitu aja trus..asal mau lihat balasan koment hrus hpus data dlu..jdi gak nyaman pake app ini"
Suciati Salsa,5,2024-06-21 16:37:56,Aku senang aplikasi in sangat membantu dn menghibur
Kharisma Dody Sanggar Pratama,5,2024-06-21 15:57:26,Pindah ke sinilah kita Twitter X mau di hapus sma Kominfo .. parah sih ğŸ˜£ğŸ™‚
Rossanda Edmond,5,2024-06-21 14:29:04,Ok
Mann Hasann,5,2024-06-21 11:47:45,ğŸ‘ğŸ¼ğŸ‘ğŸ¼ğŸ‘ğŸ¼
Wisnu Ramadhani,5,2024-06-21 10:57:05,Good
Titin fatmawati,5,2024-06-21 09:16:08,Please jangan ada linkÂ² jualan yah
Malahayati Karami,5,2024-06-21 09:07:16,saya suka sekali aplikasi ini
Eni Kusriyanti,5,2024-06-21 08:45:28,baru gabung smg byk mendapat kn tambah ilmu yg manfaat dunia & akherat
mu sa,5,2024-06-21 08:34:32,bagus
Piet Yogya,3,2024-06-21 07:45:49,baca komen wajib ketik 1 dulu
Hendra Karnudin,5,2024-06-21 06:01:40,Mantul
Aulia 08,5,2024-06-21 05:35:07,Menyenangkan
Black Jack21,5,2024-06-21 03:48:14,Ok. Bagus.
Halimah Daud,5,2024-06-20 18:18:33,Suka
Muhammad Zainal Abidin,5,2024-06-20 17:46:38,Bisa jadi bahan penghilang kegabutan di rumah
ibrahim ilhmk,5,2024-06-20 15:28:34,gelut ajg ah
Arifin Ilham,5,2024-06-20 14:56:05,Kerja bagus
Deni Sofyan,5,2024-06-20 13:32:26,Top
Sliteracy 54,5,2024-06-20 13:04:22,mantep deh
Seni Molen,1,2024-06-20 12:30:08,Thread saya sendiri kenapa ga muncul ??? Padahal baru diposting ya ampooonnnnn. Diupdate malah gabisa dibuka
Rere Reny,4,2024-06-20 11:44:42,"Asli, aku bingung, apa bedanya Threads dan IG? Sama aja, bedanya bisa upload tanpa foto doang."
ARIF SAPUTRA,5,2024-06-20 10:19:20,ğŸ‘
Najwa Shafa Caroline,5,2024-06-20 09:48:15,sumpahh seru abiezzz
go Lembang official tv,4,2024-06-20 07:58:18,Baru mau coba apakah aplikasi ini hebat
Aginta Sinaga,5,2024-06-20 07:52:10,baik
Bambang Kaka,5,2024-06-20 06:55:14,Bagus
agus Gunawan,5,2024-06-20 04:57:00,Terbaik
Kafanial _Kafa,5,2024-06-20 04:16:43,"threads, gw sukak bgttttttt!!!!"
MANADO JITU HK,5,2024-06-19 15:48:24,Good
Gregorius Sergio,5,2024-06-19 13:43:49,lumayan
Yakub Sarianto,3,2024-06-19 13:42:11,Ribet diikuti
Afdhal Ashar,1,2024-06-19 13:07:30,Ini gimana gimana kita bisa lihat utas orang yang kita follow??
Firsy Stevany,5,2024-06-19 12:06:38,Sayaaa sukaaaaaaağŸ¥°ğŸ¥°
Cucuk Maryanto,3,2024-06-19 07:52:07,belum dapet feellnya
Immanuel Gorisalam,1,2024-06-19 07:45:52,"Udah hmpr 10 tahun pake aplikasi IG aman2 sj gak pernah kena banned ,pas instal aplikasi threads 2 hari kemudian tanpa sebab langsung kena banned , IG juga kena banned , padahal gak posting ap2 , langsung gue hapus aplikasinya ğŸ‘"
HaBiBi OfficialTV,5,2024-06-19 06:24:11,ğŸ˜MANTAPğŸ‘ğŸ»
Ibu Maura,5,2024-06-19 04:43:24,Good
Danang Prast1979,5,2024-06-19 01:07:18,Masih fresh jadi belum terkontaminasi
Wiji Yuana,5,2024-06-19 00:13:45,Bagus saya sukağŸ¥°
Agustinur M.H Saputri,5,2024-06-18 23:20:49,Hallo admin meta. Sejauh ini aplikasi threads sudah bagus. Tapi kenapa kalau mau posting ke instagram story tidak muncul background tulisan threadsnya yah? Tolong ditampilkan kembali karena menurut saya itu sangat bagus sekali karena menambah kesan yang bagus di instagram story. Terimakasih ğŸ™ğŸ»ğŸ™ğŸ»ğŸ™ğŸ»
Nofril Fauzi Fauzi,5,2024-06-18 22:36:39,Sangat membantu
nurul wahidah,5,2024-06-18 21:46:17,"belum lama pakai aplikasi ini, menurut saya bagus juga untuk share berita terbaru, kebanyakan orang cuma untuk tempat curhat. aplikasi ini mirip aplikasi yang dulu"" path """
Wahyu arsam,5,2024-06-18 16:30:07,sangat menarik
Edison Sihombing,4,2024-06-18 16:25:34,Bagus
Sri Widyastuti Usman,1,2024-06-18 14:30:07,"Ini serius threads kek gini? Semenjak pke threads akun IG ku sering ke blokir tanpa alasan yang ga masuk akal, suka minta diajuin banding ga cuma sekali tp berkaliÂ² dalam sehari."
icha Cantik,1,2024-06-18 11:58:00,Ok
TIO NURPALAH,5,2024-06-18 11:36:00,aplikasi Amajing
mama yogi,5,2024-06-18 10:35:32,"Ga bisa download vidioÂ² nya,kenapa ya?ğŸ™"
Risman Rusmana,5,2024-06-18 09:00:05,top banget
JULIANTO77X GMKFAMILYID (JULIANTO),5,2024-06-18 07:58:16,saya suka aplikasi ini semua orang ramah dan sopan dalam berkomentar ğŸ‘
Lyuvv,5,2024-06-18 05:53:06,keren
Aris Fajar Priyono,5,2024-06-18 05:33:43,Tampilan bagus cuma rentan kena pelanggaran setiap bikin utasan. Padahal tidak ada unsur yang melanggar
Redi Riki,1,2024-06-18 05:04:57,"Tidak bisa dipake comment, tolong diperbaiki"
Jafaya al Ansorri,5,2024-06-18 04:37:32,Interesting
Bang Ujd,4,2024-06-18 03:57:30,Ok
Driyanto Kriswan,5,2024-06-18 01:25:47,Berfungsi dengan baik.
Julia us maya Maya,3,2024-06-18 00:29:46,Sangat bagus n
gian harianto,3,2024-06-17 16:44:17,syang gk bisa dm
Andah Febriana,5,2024-06-17 15:12:09,oke
Nadya NF,5,2024-06-17 13:45:04,seruuuuu
Panjul 21,5,2024-06-17 13:31:55,keren juga
Dewinahdlatul,5,2024-06-17 12:31:48,ok aja si buat menuangkan isi dihati
Juli Padli,5,2024-06-17 11:57:05,â˜•ğŸš¬â˜•
CharÄºes Nahak,5,2024-06-17 11:40:21,"Saya sangat menyukai aplikasinya mirip dengan twiter, tingkatkan dan semoga ada fitur baru"
Kristin Devi,5,2024-06-17 11:12:28,"keren, bagus."
Yuana Dwi Atmodjo,3,2024-06-17 07:24:04,Sangat bagus aplikasinya
ARD' Ginory,3,2024-06-17 04:20:10,Coba dulu
Sri Resminingsih,5,2024-06-16 22:57:27,Seru juga ya memakai aplikasi Threads jadi banyak lebih informasi dan ide yang kita dapat di media sosial..thank you
Al Riza Karunia,5,2024-06-16 16:52:45,Simple
Doni Lolowang,5,2024-06-16 15:13:34,Good
Adibs 1203,4,2024-06-16 14:04:48,"untuk saat ini lumayan asik,tapi gatau deh kedepannya tambah baik apa makin buruk"
Mahardika Dika,5,2024-06-16 14:02:46,Okkkkkkkkkkk
Wahyuni 21 Hyuni21,1,2024-06-16 11:02:42,Tes aja dulu
Ikbal Aditia Maulana,5,2024-06-16 09:14:41,"I Like Threads, an Instagram app!"
Rey14 Channel,5,2024-06-16 07:39:51,goodğŸ‘â¤
Dyraf Indyraf,5,2024-06-16 07:28:40,Keren ğŸ‘ğŸ‘ğŸ‘
Iqbal Afiza,5,2024-06-16 07:06:43,Baguss
Amie HRUI,4,2024-06-16 02:09:20,"Apa ada yang sering ditangguhkan akun IGnya setelah instal Threads? Sejak setelag instal aps ini, IG saya sering ditangguhkan. Ada yang tau kenapa?"
jab oda,5,2024-06-16 01:51:42,Ok lah
Revita Amelia,5,2024-06-15 21:36:53,Apkny bagus bhkn lebih rame pas moots dan saling follow
Reka Mulahi,5,2024-06-15 21:18:57,okay
Hayrun Nisa,2,2024-06-15 16:38:00,Aplikasi ini emang sangat bagus hampir mirip dengan twitter tpi sayang nya aplikasi ini hanya Di gunakan untuk Di dalam negri untuk di luar negri ketika di pakai aplikasi ini tidak akan mendukung.ketika kembali kedalam negri aplikasi ini tidak bisa di gunakan kembali seperti sebelumnya ğŸ˜”
WARTININGRUM 29,2,2024-06-15 12:49:31,"Help me please! Padahal baru install beberapa bulan tapi gabisa dipakai ngtreads, ini kenapa ?"
rsm snn864,1,2024-06-15 12:29:05,Maap Salah orang
Abisam 66,5,2024-06-15 10:34:31,Bagus tp klo mau lihat komentar org gk bisa di buka
Kama sutra,5,2024-06-15 08:11:26,good
TV Samsung 65AU7000,4,2024-06-15 07:35:07,"rame pas awal doang, akhirnya sepi, jadi lebih baik instagram"
Eva Lestari,5,2024-06-15 06:51:58,bagus jangkauan makin luas
Fanesha Okta,5,2024-06-15 05:52:21,sangat baguss dan sangatt membantu
Satria Okta71,5,2024-06-15 05:50:56,Sya blum ad pengalaman buat video....
Siti Rodiah,5,2024-06-15 04:55:43,cuma buat nulis keluh kesan gue aja.
Yulinda Nita,5,2024-06-15 04:25:55,Good
Sarlince Bili,3,2024-06-15 03:18:43,Sdh sangat baek
Heru Soleh,5,2024-06-15 01:11:13,Oke
Hanrie Hilfiger,5,2024-06-14 22:01:20,Kok nggak bisa bales pesan ya
Steffina Alexa,2,2024-06-14 19:39:15,SEPI AMAT NIH APLIKASI
Nur Agustin,5,2024-06-14 17:33:01,bagus sih bisa jdi tempat xurhatku
Hani Sukmawati,5,2024-06-14 13:30:34,cukup
Balfir YT,1,2024-06-14 12:19:39,"Saya hapus Krn Mnrt sy didalamnya kurang menarik dan agak sepi hehehehe, tidak seperti Twitter klo ngecuit pasti rame"
Indra Agus,5,2024-06-14 06:40:12,"Bebas kebencian, penuh kelucuan.... ğŸ˜…ğŸ‘ğŸ¼"
yanti gibag,5,2024-06-14 06:23:38,bagus dan byk yg menarik
Ridwan Pashter,1,2024-06-14 05:45:09,Bagus
Iyus Rustaman,5,2024-06-13 18:29:46,Udah bagus tinggal disempurnakan aja
eka raga dewantara,5,2024-06-13 15:12:22,Mantap
Putra Ggp,5,2024-06-13 13:32:45,Okook
Hanifa Fitri Zuhra,5,2024-06-13 10:38:20,masyaallah tabarakaullahhh bunda bunda
Abdul Kahpi,5,2024-06-13 10:05:58,Ok
Fahri Ramadhan,5,2024-06-13 10:03:05,bagus banget
Muammar Syarbini,5,2024-06-13 08:07:27,Please give an option to make accounts without having IG ID
Deky The Explorer (Deky Pegali),5,2024-06-13 07:08:35,ok
Papah Alifa,5,2024-06-13 07:05:07,sangat bagus sekali
Shinchan Lembah,2,2024-06-13 03:30:12,Zttd add ta tdrasAx
Viona,5,2024-06-13 01:58:47,ğ‘¾ğ’ğ’˜
Moh Fikrih,1,2024-06-13 01:42:15,Di banned semantara terus Instagram
Khansa LN,5,2024-06-12 22:28:10,Why did you remove the edit thread feature? :(
Ardi tama,5,2024-06-12 22:19:48,Gaaaasss ğŸ”¥
Iman Ruhiman,3,2024-06-12 21:39:44,dicoba dulu kasih tiga
Nugrah Nuga,5,2024-06-12 12:25:42,udh di ksih bintang 5. jdi setiap postingan aku kasih fyp yh biar bnyk yg jangkau like dan komenğŸ¤ğŸ¤ğŸ¤
SUGIYARTO. TOLE,5,2024-06-12 12:22:14,Oke
Ela Hayati,5,2024-06-12 11:35:56,keren sih
james laurens,5,2024-06-12 08:40:34,Ok
Kris Junaedy,1,2024-06-12 07:44:35,kekurangan nya..komentar org lain tdk bisa dibaca apabila gambar atau video tdk punya keterangan teks..
Hoirul bari,5,2024-06-12 04:02:15,ini bagus
Ahmad Rijal,2,2024-06-12 02:06:06,"Kenapa yah apk nya kalo aku mau merubah foto profil nya gak ada poto poto ku yang di SD card, jadi profil nya gak bisa di atur"
Tenny,5,2024-06-11 23:24:40,Belum ngerti sama aplikasi Threads.untuk apa
Sani Candra,5,2024-06-11 22:42:13,lebih luas melihat dunia publik.
Sandy Priambodo,2,2024-06-11 21:46:37,Gabisa hapus pengikut yang profilnya cewek sangek mulu
MOTOR HONDA,5,2024-06-11 17:03:56,aplikasi sangat membantu soal akun
Su Man,4,2024-06-11 16:45:38,SEMOGA SUKSES Selalu
Erik Sunaryo,5,2024-06-11 15:51:47,"Recommended buat nambah teman, sahabat dan mudah digunakan"
Nasril Ilham,5,2024-06-11 15:22:51,Ini adalah aplikasi pengganti X Twitter yang hampir menyerupai persis. Sejak beredar rumor bahwa bos meta Mark akan duel 1 vs 1 dengan bos Twitter X mas Elon aplikasi ini semakin populer dan banyak diunduh oleh pengguna menurut saya ini aplikasi yang bagus untuk informasi
Jajang Nurjaman,4,2024-06-11 15:18:32,kasih 4 dulu soalnya baru nyobain
Vyola meilinda,5,2024-06-11 14:11:27,ã…¤ã…¤ã…¤ã…¤ã…¤ã…¤ã…¤ã…¤ã…¤ã…¤ã…¤ã…¤ã…¤ã…¤ã…¤ã…¤ã…¤ã…¤ã…¤ã…¤ã…¤ã…¤ã…¤ã…¤ã…¤ã…¤ã…¤ã…¤ã…¤ã…¤ã…¤ã…¤ã…¤ã…¤ã…¤ã…¤ã…¤ã…¤ã…¤ã…¤ã…¤ã…¤ã…¤ã…¤ã…¤ã…¤ã…¤ã…¤ã…¤ã…¤ã…¤ã…¤ã…¤ã…¤ã…¤ã…¤ã…¤ã…¤ã…¤ã…¤ã…¤ã…¤ã…¤ã…¤ã…¤ã…¤ã…¤ã…¤ã…¤ã…¤ã…¤ã…¤ã…¤ã…¤ã…¤ã…¤ã…¤ã…¤ã…¤ã…¤ã…¤ã…¤ã…¤ã…¤ã…¤ã…¤ã…¤ã…¤ã…¤ã…¤ã…¤ã…¤ã…¤ã…¤ã…¤ã…¤ã…¤ã…¤ã…¤ã…¤ã…¤ã…¤ã…¤ã…¤ã…¤ã…¤ã…¤ã…¤
Predi Darmanto,5,2024-06-11 13:55:21,Aplikasinya bagus
Obung Kreatif,5,2024-06-11 12:56:25,sangat bagusğŸ‘ğŸ‘ğŸ‘â™¥ï¸â™¥ï¸â™¥ï¸
Umma Fatih,1,2024-06-11 12:29:32,Jelek selalau kena penangguhan
Randy Alfredo,5,2024-06-11 10:33:36,Sangat suka
Arif Ramdan,5,2024-06-11 05:54:57,jelek
Akos Koswara,5,2024-06-11 05:22:53,nice good.
Fajrian Noor,5,2024-06-11 02:54:44,Belum tau apa ini kawan ae
cuy wakacuy.,1,2024-06-10 22:49:37,"Gak jelas, baru download malah disuruh update aneh"
Jopie henie Saerang,5,2024-06-10 19:43:28,nice
Connie Ivonne,3,2024-06-10 15:55:09,"disini sptnya 'clean' dari buzzer yg punya kepentingan spt halnya di IG dan medsos lain. disini lbh real life, berbagi ttg hal2 sehari.. bukan juga yg ajaib2 atau case2 nyeleneh... seperti talking each other no hate feeling... just want to share. Now, at the present time, but who knows next?"
YODEAR WANIMBO,5,2024-06-10 15:24:21,"Apk ini bagus, cuman sedikit lamban"
Dani Bocah Tua Nakal,3,2024-06-10 14:21:30,Good
Fei Shal,5,2024-06-10 12:21:11,I love this app UI/UX. Also the community is really positive!!! I enjoy the environment â¤ï¸
Navi gaming,5,2024-06-10 10:02:24,Akakak
Roy ctbc,4,2024-06-10 09:41:36,Dengan aplikasi ini dapat saling mengirim pesan dan juga video
encek rio,1,2024-06-10 08:31:51,nunggu followers nya banyak dulu
Agus,2,2024-06-10 07:45:08,Assalamualaikum warahmatullahi WB
Kacang Kulit,4,2024-06-10 07:01:40,empat dulu..
Ray Andika (Rayka),5,2024-06-10 05:45:04,Terima kasih Threads ğŸ­
Cantika dewi Lestari,5,2024-06-10 03:31:55,Sangat bagus
Mistriyah Martinez,5,2024-06-10 00:48:22,sangat bagus
Bang Boriel,5,2024-06-09 23:31:41,Amazing Spider-Man
Peni yunita Peni yunita,5,2024-06-09 21:42:50,Dedi sabara Nst
Razaq Mon,5,2024-06-09 15:57:09,bagusss ada daget wkwkk
harun haeruddin,5,2024-06-09 13:15:42,bagus
good boy,4,2024-06-09 11:35:52,Tolong beri akses untuk meng-upload foto dari drive dan google foto saat akan memposting utas.
Antun Khoirul,5,2024-06-09 09:42:05,Bojonegoro
Nur Achmad Junairi,5,2024-06-09 07:15:29,good application...
Tara Alamsyah,3,2024-06-09 02:20:58,Tambahkan fitur trending hari ini seperti X/Twitter agar bisa bersaing dan persaingan yang seru!!
sutahrir Boim,5,2024-06-08 22:47:56,bagus bgt benar2 aplikasi manusia jaman Now !
Kejay Squad,3,2024-06-08 22:39:36,Woke..
-HeRu_InD!HoMe-,5,2024-06-08 21:55:22,Ok
Nur Akmal,2,2024-06-08 15:34:54,"ketika saya memposting sesuatu muncul notifikasi di Instagram teman saya padahal saya udah menonaktifkan pengaturan ""sarankan postingan di Instagram"""
MUHAMMAD TAMAIR Delon (DELON),5,2024-06-08 11:03:09,ğŸ‘ğŸ‘ğŸ‘ğŸ‘
M Nur Is,5,2024-06-08 09:32:58,"sungguh sangat memuaskan jika memiliki aplikasi Threads,,,,,"
Hat's Thea,5,2024-06-08 04:59:08,bagus aku suka..â˜ºï¸
Nanin Sr,5,2024-06-08 03:02:18,sangat membatu menambah informasi
Ulan Ulan,5,2024-06-08 02:42:47,Sangat bagus
Keinarra Denny,4,2024-06-07 18:21:59,Mboh
Sulis Tya,1,2024-06-07 11:37:41,ga suka dan abis download daftar stelah tau langsung hpus ğŸ¤£
Andre Aj,5,2024-06-07 10:31:18,apkalsi yang bagus
Netizen Biasa,1,2024-06-07 05:47:55,Ampas ga bisa baca komen
Alice Ainsley,3,2024-06-07 04:23:18,Kalau langsung buka dari Instagram kok ga bisa sih?
Kholidah Tamami,5,2024-06-07 00:19:03,"Kholidah Tamami, (olie tamami) aku suka threads~ Twitter bagus (Alm. Tamami Kamsari)"
win arsih,5,2024-06-06 15:53:26,Bagus
Aditya Alinskyy,2,2024-06-06 14:57:19,video harus di tekanan dulu baru bersuara
Alex gembull,5,2024-06-06 14:18:00,top bgt luar biasa jumpa orang2 yg hebat
Dar mawi,5,2024-06-06 14:16:18,Kita coba dulu ya
Akila Maharani,5,2024-06-06 12:28:11,Bagus banget dan TDK ada iklan aku jadi bintang 5 buat aplikasi ini ğŸ‘ğŸ‘ğŸ‘ğŸ‘ğŸ‘
nanda mayshita ulfah,5,2024-06-06 11:28:57,sehat2 dan baik2 banget orang2 di threads ğŸ˜­
Subayu 98,5,2024-06-06 09:13:53,jos
Owner's Sanggar Bjbk (Bara Nada Entertainment),5,2024-06-06 08:01:59,Terimakasih
Sri Redjeki,4,2024-06-06 05:44:32,Salam... ğŸ™‹
bolukaramel _6451,5,2024-06-06 05:26:12,Awesome
Abd Dhoorr,5,2024-06-05 22:49:10,ğŸ‘
Eko Fredianto,5,2024-06-05 17:42:01,Bagus dan mudah untuk Di jalankan
Chaizar Arief,5,2024-06-05 14:25:58,Good
sang pembelajar,5,2024-06-05 12:38:33,medsos yang baru bagi saya
Kiki Malvina,5,2024-06-05 12:19:49,seru juga bisa scroll berita seru Dri seluruh dunia
Lukman Kasoloang,5,2024-06-05 11:55:30,Luk man Scri
Afirda Sausan,3,2024-06-05 10:04:22,Tolong adain fitur save yaaaa
Ahmad Doang (ADE),5,2024-06-05 09:34:55,good apk
Nanank Jho,5,2024-06-05 08:52:58,Oke
gusti rachmadiansyah,5,2024-06-05 04:55:53,semoga bisa menjadi aplikasi yg populer berikutnya selain medsos yang lain2.. terima kasih ğŸ™ğŸ˜‡
Nasrul Uddin,5,2024-06-05 04:54:02,Nice
Frans Doy,5,2024-06-05 03:34:23,baik
Sony Zperia122,2,2024-06-05 03:15:45,Gak enak
Nurus subah Subah,5,2024-06-05 02:51:00,good for threads
Mirwan Syah,2,2024-06-04 20:44:57,saya tidak paham gmna cara menggunakan apk nya:v
Asbullah Asbullah,4,2024-06-04 20:38:55,Ok
Rifai Mansur,5,2024-06-04 16:07:11,Aplikasi threads sangat bagus semoga lebih bagus lagi kedepannya
Aziz Muhamad,1,2024-06-04 13:52:21,Aplikasi paling mengganggu
Shobirin Shobirinkha,1,2024-06-04 13:02:11,Ngga asik
Resa Cahyani,1,2024-06-04 12:55:23,Udah 3 hari gabisa komen utasan tolong perbaiki
indah mawati,5,2024-06-04 10:18:49,"Baik , Cepat, Tanggap"
Robin Soewarno,1,2024-06-04 09:40:02,ğŸ‘ğŸ‘ğŸ‘ğŸ‘ğŸ‘ğŸ‘ğŸ‘ğŸ‘ğŸ‘ğŸ‘ğŸ‘ğŸ‘ğŸ‘ğŸ‘ğŸ‘ğŸ‘ğŸ‘ğŸ‘ğŸ‘ğŸ‘ğŸ‘ğŸ‘ğŸ‘ğŸ‘ğŸ‘ğŸ‘ğŸ‘ğŸ‘ğŸ‘ğŸ‘
DEDE KOES' CHANEL,5,2024-06-04 09:06:52,ğŸ‘ğŸ‘ğŸ‘ğŸ‘
Ida bagus Santika manuaba,4,2024-06-04 06:27:47,"Belum sempurna,"
Panyel Wg,4,2024-06-04 05:17:02,Saya suka sekali sama aplikasi nya â¤
Saiful olala,5,2024-06-03 23:55:38,Ok
Zaidan Yusuf,4,2024-06-03 21:51:32,harapannya semoga akun-akun spam dari luar negeri bisa ditindaklanjuti lagi ya
Mutia Rika,5,2024-06-03 21:42:39,Ok
MOHAMMAD YUNUS,4,2024-06-03 16:40:52,Tolong dong klo akun kita private masih bisa komen di postingan yg lain
Rian Siswanto,5,2024-06-03 14:28:49,Rian Siswanto hard rock hotel Bali lantai 4 kamar no 501
Alfian Duta Krisnadi,5,2024-06-03 09:52:33,Sangat Bagus & Bermanfaat Treads adalah aplikasi untuk pengembangan inspirasi melalui ide dan gagasan cerdas dan positif untuk kebaikan dan keberlanjutan masa depanyang lebih baik
Kayla Hanifa,5,2024-06-03 07:01:35,"Aku ga ngerti cara pakai nya, tapi ini sangat seru"
Mas Yari,5,2024-06-03 06:51:52,Bagus
Gina Mahrani05,5,2024-06-03 06:41:19,Bgus
Dudi Setiawan,5,2024-06-03 06:40:07,Bagus
Oey Maria,5,2024-06-03 06:26:37,Mantaap
kadek baloek,5,2024-06-03 05:51:20,Mantap
Nuril Huda,5,2024-06-03 05:30:42,Menyalaaa
Ko prabot rumah Prabot rumah,5,2024-06-03 03:47:14,mantap bisa keluarin uneg uneg
surya dinata,5,2024-06-03 02:24:22,Very ...very good
martin,5,2024-06-03 01:23:06,Yeah idk but is bad
Ahmad Fajarrullah,5,2024-06-03 00:50:29,Ok
prabu MR Jaka Tarub,5,2024-06-02 14:18:01,mantep gw dpt cuan
Ria Puspitasari,4,2024-06-02 07:38:58,baguuuss
Adhinn 001,5,2024-06-02 06:05:34,sangat mudah untuk digunakan ğŸ‘
Ayana Putri,5,2024-06-02 05:35:36,aplikasinya bagus ... lumayan buat diary ngeluarin unek2 yg gak harus semua teman tahu
Pinandoyo PInandoyo,5,2024-06-02 04:58:26,Good
afryan perdana,5,2024-06-02 04:06:21,Aplikasi mantap
Yuri Ivanovick,5,2024-06-02 03:27:49,Oke
Yan Jerond (Suweada),5,2024-06-02 01:37:38,Suka Sekali
Agus Budi Noor suhemi,5,2024-06-01 18:00:54,seru
Azizah Jalil,5,2024-06-01 13:33:15,baik
Slamet Oyonk52,4,2024-06-01 12:47:06,"Sholat lah karena amal tanpa tiang akan sia-sia contoh rumah tanpa pondasi atau tiang pasti ambruk, karena Allah Maha melihat yang butuh kita bukan Allah."
Febrian FK,5,2024-06-01 12:24:42,Good
Mbah Nunung,5,2024-06-01 10:34:19,mantab situs ini threads.
Djatianom,1,2024-06-01 08:28:06,Ini aplikasi sangat buruk.. akun Instagram saya menjadi hilang gegara ini aplikasi thread. Ini Aplikasi Tidak secanggih seperti dugaan.. aplikasi abal-abal. Lebih baik saya Un-Install.
Dini Natali,5,2024-06-01 08:07:23,saya sangat menyukai threads
Cendyto Tribagas Wijaya,5,2024-06-01 06:35:53,kasih fyp
Ajat Suderajat,4,2024-06-01 05:57:15,dapat pengalaman baru mengenal seseorangğŸ¥°
Muhammad Mulyadi,5,2024-06-01 04:56:41,Good
danesa nazma,5,2024-06-01 03:11:28,bagus sangat menghibur
Blossom Shafa 08,1,2024-06-01 00:48:41,ğŸ‰ğŸ‰ğŸ‰ğŸ‰ğŸ‰ğŸ‰
Aldo Ferdiansyah,1,2024-05-31 22:23:24,"Tolong di bantu, akun saya kenapa jadi ga bisa di buka? Apk tak guna, lgsg tiba"" banget akun saya di hapus? Nyesel sumpah udah download apk ini"
Ramadhan kato,4,2024-05-31 20:55:16,Coba dulu bagus gk nya
Joko Lili,5,2024-05-31 19:42:29,sangat menyenangkan
Zakaria Rangkuti,5,2024-05-31 19:35:56,mantap
Didin Boma,5,2024-05-31 19:16:56,Berprestasi di bidang lapangan kerja tempur
donny pangestu,5,2024-05-31 17:23:16,Ok
Rahmat Subandi,5,2024-05-31 16:07:59,Sangat puas
Abijamiljamil Jamil,5,2024-05-31 15:02:07,Ok
Ardin Rambu kahi leba,5,2024-05-31 14:16:28,Bagus aplikasi myaa
Bambang Sumedi,5,2024-05-31 12:35:27,knp logonya kok kyk gt
Charles GM,5,2024-05-31 06:24:48,Mantap!!
Elpan sinaga,5,2024-05-31 05:53:18,Niceeeee
Marny M,5,2024-05-31 05:39:56,Bagus sekali
Feri Kelana69hi69,3,2024-05-31 02:50:57,bintang 3 dulu
abdul _aziz,2,2024-05-30 13:59:08,Tingkatkan
Supardi Pardi,5,2024-05-30 12:56:35,Amazing
Ardhi Setyawan,5,2024-05-30 12:30:49,Good
Cita Junita,5,2024-05-30 09:30:12,Bagus sekali aplikasi nya
Wanda Hamidah,5,2024-05-30 06:45:47,Bagus
Husni Lubis,5,2024-05-30 04:15:13,mantap
Annie June,5,2024-05-30 03:16:54,â¤ï¸
Syamsul Falakh,5,2024-05-30 02:59:50,sangat memotivasi
Yadi Mulyadi,3,2024-05-29 21:16:57,belom begitu paham baru gabung
Mahdafiqihya Ahmad shidqi,4,2024-05-29 17:33:00,Kita perlu dipermudah dalam mencari apa yang ingin kita ketahui di sini
Arif Rahman Hakim,5,2024-05-29 16:05:50,Mantap
Joko Wahyudi,5,2024-05-29 15:14:04,Dicobadulu
Yuras Ha,5,2024-05-29 11:24:55,moga aja di sediahkan tembol like bila muncul di FB
SLestari Ndaratuputri,5,2024-05-29 11:04:00,"keren,tp kurang asyik.blm ada musiknya"
Yohannesnainggolan Annes,5,2024-05-29 10:54:58,cakep!!!!!
Mbak Her,1,2024-05-29 08:07:46,"Kenapa harus di blok akun saya, sebaiknya kalau login jangan pakek instagram"
bordewen kafiar,5,2024-05-29 05:59:03,Great application
Catatan Kang Asep,5,2024-05-29 05:02:43,top
sufrah sofiatul zahro,4,2024-05-29 04:17:55,apk nya baguss suka banget tapi saran aku tambahin fitur arsip buat utasan sama mode gelap dipengaturan pleasee
Novii Wulandari,1,2024-05-28 22:46:49,"Najis baru download udah disuruh 3kali update . Gila gila update ni aplikasi, kaga gua update mending gua apus dah"
Devis Shanjaya,5,2024-05-28 22:22:49,Top
mas joke (joke),3,2024-05-28 20:33:45,blm coba
Noyo pantes,5,2024-05-28 18:32:23,good
readone iwan,5,2024-05-28 16:12:39,Ngetes dulu hehehe
Vendy Arya,1,2024-05-28 15:39:05,"Padahal jarang bikin threads karna jarang online, tp akun saya disuspend, apk threads sudah saya uninstal, gak ngapa-ngapain kok disuspend."
Djokie Pratama,1,2024-05-28 15:34:13,Boikot
Iman Acoey,5,2024-05-28 14:07:24,Sangat membantu
Ika Susilawati,5,2024-05-28 13:34:21,mantap
lucky pramudita,5,2024-05-28 12:26:21,Ok
Imam Safii,5,2024-05-28 08:23:35,Bagus
Bayu Dwi prakoso,5,2024-05-28 05:15:40,Bagus banget
Ervan Firmansyah,4,2024-05-28 04:50:01,Aplikasi terbaru Instagram bagus
Sirojul Ulum saputra,5,2024-05-28 03:55:22,oke
AQUArius agmailcom AQUArius agmalcom,5,2024-05-28 00:56:44,sangat bagus pas noton pidio padcngan hidup fipandang lasung hidup
Mujib jibun2,3,2024-05-27 17:24:26,sangat membantu tuk saling mengenal walaupun beda agama
Ali Alvaro,5,2024-05-27 16:28:29,mantap
Pras Tian,1,2024-05-27 15:52:27,Udah baru suruh perbarui lagi anjg
Heru Wahyudi,5,2024-05-27 13:47:23,Bagus
Jansen Tempomisa,1,2024-05-27 13:36:23,aplikasinya mirip-mirip InstagramğŸ‘ğŸ»
Markus Roberto,5,2024-05-27 12:06:42,Ok
Samsung J1,5,2024-05-27 09:34:22,ğŸ«¶ğŸ«¶ğŸ«¶
Nurnengsih Web,5,2024-05-27 06:49:50,good
ambo yazid,4,2024-05-27 02:58:12,"Saya ga bisa baca komen pangguna lain.. apa emang gitu ya, apa saya yg belum ngerti.."
sigianto polisi,5,2024-05-26 20:07:06,SUGIANTO porisi Sugianto
Budianto ebudy,3,2024-05-26 19:39:01,Kurang efektif mending ig aja
Artiwan Bangsawan (DnyonryBangsawan),5,2024-05-26 17:40:20,keren
JONBOBIE,5,2024-05-26 15:25:08,bagus sekali
Adi Setiawan,5,2024-05-26 14:30:15,Bagus
baldwin ra,2,2024-05-26 12:00:10,Mau hapus balasan bekas komentar titik 3 nya kok tidak ada sih .. ini gimana jadi gabisa hapus ?
Rifola Mabapura1971,5,2024-05-26 10:16:56,ğ“ğ¡ğšğ§ğ¤
fitri Sp,5,2024-05-26 10:08:06,tower
KARTO YONO,5,2024-05-26 09:57:04,ğŸ‘ğŸ‘ğŸ‘
ani andriyani,5,2024-05-26 09:55:46,ok
Hendra Kurnia,5,2024-05-25 16:56:38,asyik
Muksin Khysin,5,2024-05-25 11:49:57,semoga lebih membaik
adri malandri,5,2024-05-25 10:03:09,"Aplikasi sosial media yang bagus,"
ChiGe,3,2024-05-25 07:20:47,"Tambahkan mode gelap, jangan dari pengaturan HP. Sebagai penyuka gelap ini sangat menyusahkan soalnya hari dari setelan HP sedangkan tidak semua nya bagus dalam mode gelap"
Toni Tukan,2,2024-05-25 04:35:10,tidak pernah dapat like
Fajar Asikin,5,2024-05-25 02:32:46,great app to express what we want to share in a very simple way.
Dwi Prima,5,2024-05-25 01:03:05,Mantapp
Sandi Ramadhani,5,2024-05-25 00:28:49,josss
Asri Yantie,1,2024-05-24 15:44:48,jelek bgt....
Sms Jiraiya,5,2024-05-24 14:43:57,disini tempat mengatur strategi & curhat sih mantap ğŸ˜‚ğŸ‘
Radithya Ikhsan,4,2024-05-24 12:28:15,"sejauh ini, ini yang paling jauh"
CHUNTER TECH,2,2024-05-24 09:55:34,"Untuk performanya bagus, tapi guna apa kalau isinya banyak akun fake semua yg foto"" tebar pesona hanya untuk menarik perhatian agar di follow akun nya melaikan instagram pun juga sama. Sampai kapan sosmed pelampiasan penipu di perbaiki dengan benar???"
Mikael Fahlevi,5,2024-05-24 08:30:05,Shering app
Aryani Suprapto,5,2024-05-24 05:35:40,Mantap....
Vijra Islamul hafiz,5,2024-05-24 04:50:23,Sangat baguss
Robi Robi,5,2024-05-24 03:50:43,Mantap ada bokep nya
Sri Armayanionde,5,2024-05-23 23:46:05,bagus
RID OZZORA,4,2024-05-23 23:11:28,tahap belajar.tapi bagusğŸ‘
Muhamad Safrizal,3,2024-05-23 13:36:12,"Bug - Sering tampil sih beberapa postingan di Instagram untuk mengarahkan buka aplikasi anda ini, tp ketika diklik postingan tersebut malahan ngk tampil atau postingan yang lain (tidak sesuai postingan untuk dilihat penuh)..."
Randitiya Muhammad,5,2024-05-23 12:08:35,sangat mantap
Sulaseh Rahmat,5,2024-05-23 11:10:54,Good
Fikar Akbar,5,2024-05-23 08:30:25,sangat ğŸ‘
Wulan,5,2024-05-23 07:48:51,Oky bagus
Mansur Wibisono,5,2024-05-23 04:26:12,Bagus banget aplikasi jya
Non Aktif,4,2024-05-23 03:23:55,cukup menarik bagus
Arsyad Ismail,5,2024-05-23 03:20:20,Lumayan
Delly Shukma,3,2024-05-23 03:17:53,"W28aa??>18!***?(!â€¢â€¢â€¢?]:* TKâ€¢[[((][*,,5,[lu N."
Dio Febrian,1,2024-05-23 02:05:33,"Kok ada bug ya ,pas waktu saya mencet mau lihat komen kok gak bisa plus gaada masalah apapun di internet saya dan malah bilang sistem eror coba setelah beberapa menit"
Yuni Vidyaningsih,5,2024-05-22 23:26:38,Bagus
Rhuben Geolardo Hasugian,5,2024-05-22 20:23:06,mantap
Kinkdilion lion,5,2024-05-22 18:15:18,Mantap dengan aplikasi ini
sander Bobon12,5,2024-05-22 16:45:01,Mantap
anang budiarto,5,2024-05-22 16:33:58,Everything is connected
ISHAK TKS,5,2024-05-22 15:51:41,"Threads media no 1 didunia, yang paling banyak di download. Mendukung the global goals 2030 Un-redd programme/undp/fao/unep @17 fao and the sustainable development goals Sdg_13. Climate Action 2030 Climate Change 2030-2050 Global Warming Politik ekonomi sosial budaya teknologi keamanan agama 5w1h+security"
Abram Meliala,5,2024-05-22 13:56:09,I got a lot of positive things here
rasya saputra,4,2024-05-22 13:07:46,Bagus
Aku Keren,5,2024-05-22 12:18:31,Bagus
Solikhin Upik,5,2024-05-22 07:05:35,Oke mantap
Nuke Ariandini,5,2024-05-22 06:08:33,suka
Rizka Febria,5,2024-05-22 04:56:30,Bagus banget buatcari Poto j
Abdul karim Hsb,3,2024-05-22 02:20:39,ok lah
Ola Bambong Bin Ola Sabon Bin King Daud,5,2024-05-21 23:20:47,sangat bagus
Diki Wahyudin,5,2024-05-21 21:50:00,kalau aku tau aplikasi ini dari dulu. kayaknya aku bakal gunain ini deh
AKHMAD RIVALDI,4,2024-05-21 20:07:16,bagus banget cuy Tapi kenapa setiap aku komen ke seseorang gak bisa dulu sih bisa tapi kenapa gak bisa Lumayan juga sih ğŸ˜‰
Riko Putra,5,2024-05-21 19:37:29,seneng bisa membayar dengan jumlah uang yang sangat besar ke diri saya Threads ini mantap
MaslahBisa,5,2024-05-21 14:05:02,Bagus
varigata,5,2024-05-21 13:42:36,apk nya sangat membantu saya untuk menceritakan semua hal yang ingin saya ceritakan
Alheki 471,5,2024-05-21 12:46:00,Pokonya uhuy lah
mansur 1895,4,2024-05-21 12:35:10,Baru mau coba app nya
Robert Cahya pratama,5,2024-05-21 10:20:32,Ok
Fatimtim spentreema,3,2024-05-20 19:31:08,"Bagus lah tambahkan lagu kaya di instagram dong min, sama arsipkan postingan"
Renno Arfiando,5,2024-05-20 19:28:49,Go
Alyaminhatu05 Tsaniyah,1,2024-05-20 17:58:34,Setiap buka thread dari ig pasti nyuruh update mulu
udin m. arifuddin,5,2024-05-20 17:53:26,Oke
Yudha Bengkulu,3,2024-05-20 16:20:11,Lumayan buat bhn ghabut
Rita efeni,4,2024-05-20 12:59:45,Bagus
Arman Rahman,5,2024-05-20 09:36:36,mantap
Mugti Rosadi,5,2024-05-20 08:28:56,Informatif
aswin tamangga,5,2024-05-20 02:11:10,Nice
Andree Milan,4,2024-05-20 00:07:14,koneksi internet harus ditingkatkan lagi
dianindra,5,2024-05-19 17:18:32,"threads is a diary for me, thank u"
Jamila Milah,5,2024-05-19 14:35:52,Bgus
Erin Cantik,5,2024-05-19 12:35:27,Ok
caksul hadi,4,2024-05-19 07:23:17,Ok lah
Kendrick Halim,1,2024-05-19 06:12:19,Kacau sekali algoritmanya
Dhini Aulia,5,2024-05-19 05:17:59,Asyik untk membagikan ide dalam bentuk tulisan pendek. OrangÂ² di sini ga toxic. Positive vibe...
Aco Jie,5,2024-05-19 05:11:07,ACl Gamestop
Awan Yanuar,5,2024-05-19 04:49:29,Awan Yanuar ğŸ‘ˆ mutualan yuk
April Palangka,1,2024-05-19 03:42:37,Tidak suka
Atun Sholiatun,5,2024-05-19 02:19:52,bagus untk buat inspirasi untuk orang bnyak
Retno Sulistianingsih,5,2024-05-18 20:52:06,keren
Antique Lamp,5,2024-05-18 17:47:55,Menjual tirarium box hantaran
Tedy Herlambang,5,2024-05-18 11:04:13,Jos
Okto Kobogau,5,2024-05-18 10:14:34,Bagus
Budi Berjaya,1,2024-05-18 03:33:23,apa lagi ini apk sampah
Chevi Sunarya,5,2024-05-18 01:33:35,Top
Ner Ama,4,2024-05-17 18:03:17,sangat bagus
Yufri Seran,5,2024-05-17 17:26:26,sangat bagus
Mamah Ghina,4,2024-05-17 16:02:12,Semoga puas dengan layanan aplikasi ini
Iqbal Id,2,2024-05-17 15:42:33,"Bisa tidak, threads ini tidak usah di gabungin dengan Instagram, soalnya kalau ada masalah pasti ikut juga ke Instagram."
Deri Handayani,3,2024-05-17 15:07:17,Saya baru bergabung diaplikasi ini Saya belum terlalu paham dengan aplikasi ini saya kasih bintang 3 aja ya
Uun Andriang,5,2024-05-17 13:09:47,good
Rizky Hezyam,4,2024-05-17 13:01:20,For me threads same amazing as twitter. But please maybe add more features again to make threads better. And maybe if could be great if threads have lite version
Abdul Syukur,5,2024-05-17 12:48:22,Ok
ezra mig,5,2024-05-17 07:15:57,terbaik laaah
Sukirno Mrgaok,5,2024-05-17 04:26:10,Mantap
King Chad,1,2024-05-17 04:03:25,ğŸ‰
Andi Recamb,5,2024-05-17 03:32:42,Mantaaaaap
nandosepra wijaya,1,2024-05-17 03:31:39,"apk kontollll,gara"" nge hapus akun di apk ini,akun ig ikut terhapus permanen babii babii apk gak guna kontollll ini apk"
jony p waimoeri,5,2024-05-17 03:02:38,"Threads, merupakan tempat dan sumber inspirasi bagi kita smua dalam menuangkan ide, gagasan dan inspirasi yg positif. Makasih Threads is the best."
nurman Setiawan,5,2024-05-17 01:37:53,mantap..
durisman Aplikasi,5,2024-05-16 15:44:18,keren
Jusman Jappa Rent,5,2024-05-16 14:08:00,mantap
Ndok Lehor,1,2024-05-16 12:25:06,Karena saya gak bisa komen komen lag jadi bintang ku ambil lagi sisain satu aja ya hahaha
adityaaa,1,2024-05-16 12:16:36,Apk cocok buat nipu shre link daget
Aliffairuz,4,2024-05-16 12:12:03,ok ok
Ssi,5,2024-05-16 09:21:23,Menarik
Masatani Zebua,5,2024-05-16 06:17:15,mantap
aryani lestari,5,2024-05-16 03:24:53,semoga lbh bagus
Nur Fadli,5,2024-05-16 03:06:15,aku kasih full bintang nya ğŸ¥°ğŸ™ğŸ™
Kurnia Muktiani,5,2024-05-16 00:07:14,Lupa sandi Thread's ? Maaf ya belum bisa login lagi Soon
Rahmatan lil alamin,1,2024-05-15 10:53:39,"Gag bisa download, cmn muter2"
Iswanto Amperawan,1,2024-05-15 04:24:11,Ruwet
Iil Warda,5,2024-05-15 02:53:53,seru banget inimah
Kunkkrink841 Kukulutus,5,2024-05-15 01:40:07,Oke
Siti Salwa,5,2024-05-15 00:52:49,Alhamdulillah jadi bisa ngetik banyak
Nurdin 92,4,2024-05-14 11:51:10,Bgus
Partiyem Sasando,5,2024-05-14 06:39:35,Aku suka
ZmZ official,2,2024-05-14 05:35:11,Kenapa akun saya tidak bisa memberikan komentar di utas orang lain? Bagaimana solusinya? Terimakasih
SO Story Online,1,2024-05-14 04:25:59,Isinya hal yang mengandung 18+ dan kebanyakan akun fake
Medyan Aditya Mahsar,4,2024-05-14 04:10:08,"Sejauh ini suka dan udah bagus main ini. Cuma kok terjemahannya hilang ya? Sekarang harus klik titik 3 dulu trus klik terjemahan. Kalo dlu tinggal ikon terjemahan, simple. Tolong dong balikin lagi ikon terjemahan nya biar 1x klik aja."
celsi olivia,1,2024-05-14 04:05:30,cara lihat komen nya gimana woy kaku amat aplikasi ny?
Muhammad Pirman,5,2024-05-13 17:56:06,Bagus
jusran gunper,5,2024-05-13 17:24:36,mantap sekali
Nyoman Gunada,5,2024-05-13 14:52:12,Ok keren
Syakroni T,5,2024-05-13 13:11:45,Alhamdulillaah semangkin bagus
Reynand Arif Ramadhan,5,2024-05-13 11:37:19,okeğŸ‘ğŸ»
Candra Refan D.,4,2024-05-13 04:41:45,"Tambahkan fitur DM dan juga story, tambakan fitur musik juga"
Campur Semua bumbu lalu diolah,2,2024-05-13 03:07:43,heran pada latah semua.ada sosial media baru pada pake kan fungsi sama kek twitter doang. nulis doang apa yg seru....
Indra Landep,5,2024-05-13 02:09:12,aplikasi terbaik
Lesmery,4,2024-05-13 01:00:08,"good apllication, nanti bisa coba dikembangin lagiğŸ™"
Miftahul Parid23,5,2024-05-12 21:18:07,"Luar biasa, aplikasi sangat bagusğŸ¥°"
Bertinus Teddy,5,2024-05-12 15:34:53,Nice apps...
Shelly sri Anggraeni,4,2024-05-12 15:19:12,"Udah bagus sih cuma maaih ada bbrapa yang harus di perbaiki. Adain tema mode gelap, kurng yaman liatnya klw pke mode biasa, klwdonload kualitas vido/potonya jelek jdi menurun"
Qory Tartila,1,2024-05-12 14:10:35,Ga bisa baca komentar dari threads. Aneh bgt dah di update dll tetap gak bisa
Aquina yasmin,5,2024-05-12 13:48:42,"Gatau, bagus pokoknya"
Awang Anwar,5,2024-05-12 12:46:01,suka lah...
Widi Dewi nanda,5,2024-05-12 08:49:34,Bagus banget
Tirta September,5,2024-05-12 02:27:40,bagus
Makhsy,5,2024-05-12 02:05:21,good is qoute
emul maulana87,5,2024-05-12 00:32:28,bagus sangat bagus
arnold asso,5,2024-05-11 21:07:56,sangat berguna
Channel Aditia Nugroho petualang6089,4,2024-05-11 15:43:54,Adiyia
David Arsala,5,2024-05-11 13:58:52,Jis
Tommy Indo Prabunegoro,1,2024-05-11 13:37:26,"Aplikasi ini jelek sekali, dari namanya saja tidak menarik. Saya sebenarnya malas, kalo aplikasi dikelolah oleh meta karena aturan meta keraaaaaas coba lihat tiktok, kalo ngk benar ya uda dia minta hapus kan aman. Bukan sangsi harus di terapkan."
Mas Arif,5,2024-05-11 13:37:23,Sangat bagus dan sangat membantu
Saiful Bahri,4,2024-05-11 09:21:13,Bagus
Rislam Rislam,5,2024-05-11 07:05:51,Baik
Ilham Satria,4,2024-05-11 05:39:48,masih banyak fitur yang harus di tambahkan lagi
Rusdiana,5,2024-05-11 03:29:09,mantap
Muhammad Barkah,2,2024-05-11 03:12:33,Kenapa ya saat login ngak bisa kebuka aplikasi nya tolong dong pembuat aplikasi ini agar mengirimkan pusat bantuan nya plizzz
Ramles Channel,5,2024-05-11 02:58:08,bagus banget untuk berbagi dengan semua orang
YenRineldo Unlimited,5,2024-05-10 17:21:57,"bagus banget, fiturnya lebih simpel"
Hoiriana Riana,5,2024-05-10 10:51:45,senangnya bisa berinteraksi dengan banyak orang.
Vida Dara,5,2024-05-10 08:48:07,Seru dan bagus
Rayyan Firdaus,5,2024-05-10 05:14:18,âœ¨ğŸ˜ŠğŸ˜Š
Ratna Mulyaningsih,5,2024-05-10 05:08:48,Threads
Ernita Defriati,3,2024-05-10 04:59:08,cukup memuaskan
Nurul Fi Fitriana,5,2024-05-10 02:57:17,Mantep
Erita,5,2024-05-10 02:17:59,selamat semoga sukses
Harris Shihab,5,2024-05-09 22:10:17,Fitur jumlah tayangan di Threads sudah ada. ğŸ˜
Chadha Sada,2,2024-05-09 20:43:40,jangan ada batasan jumlah tulisan di threads
FAIM yadah,3,2024-05-09 15:12:36,"Admin!! Tolong tampilan pengaturan ditambahkan tema gelap, kami sangat membutuhkan nya demi kenyamanan mata.... Sekian terimakasih"
Wira Meulaboh,5,2024-05-09 12:39:39,Mantep
hari hermawan,4,2024-05-09 12:08:50,Aplikasi yg modern
Abdul Haris Lubis,5,2024-05-09 11:29:12,berguna
Karisma Putri,5,2024-05-09 11:04:11,"Saya menyukainya,aplikasi yang mengagumkan.ğŸ’¯ğŸ’¯"
Ahmad Havi,5,2024-05-09 09:11:18,Sangat membantu
junaedi juned,5,2024-05-08 15:20:59,Top
JENWA CHANEL (JC),5,2024-05-08 13:46:54,Good
Miko 386,1,2024-05-08 10:19:43,gajelas
joko_saputrock_ n_rol,4,2024-05-08 09:52:27,Kenapa sering susa baca comentar nya..
Elisa Ismi,4,2024-05-08 06:57:56,Miris
pijat tradisional denpasar,4,2024-05-08 04:29:21,baru mulai nih
Dewi Dama,5,2024-05-08 03:14:43,keren banget ğŸ‘ğŸ‘
Yelin Piranti,3,2024-05-08 00:38:54,Habis di update aplikasinya kok saya cuma bisa masuk akun anonim threads saya tidak bisa masuk ke akun utama saya @yelinpiranti tolong kembalikan akun saya buat saya login ke akun utama saya perasaan saya tidak pernah bikin status yang aneh di threads saya selalu membagikan kata - kata motivasi jangan aneh dan agak laen threads habis di update aplikasinya malah makin buruk bikin tambah kecewa
Baso Jumaidi,4,2024-05-08 00:22:09,"saya kurangi 1 bintang, karna baru mau pelajari hasil nya"
Lia Lestari,5,2024-05-07 22:18:41,Good
viva marliya03,5,2024-05-07 22:02:15,Sampai sekarang belum ada keluhan yg kurang mengenakan dalam penggunaan apk Threads ini
YAN S NOERMAN,5,2024-05-07 17:57:38,bagus buat upload poto dan komunitas
nreisa 07,5,2024-05-07 15:13:37,Luar... biasa....ğŸ‘ğŸ‘ğŸ‘ğŸ‘
fence tampani,5,2024-05-07 15:07:09,GoodğŸ‘
Royyan Indra,5,2024-05-07 14:29:51,good
Ali Datuamas,5,2024-05-07 13:01:47,ğŸ‘ğŸ‘ğŸ‘ğŸ‘ŒğŸ‘Œ
Ultimate Ricc,3,2024-05-07 06:41:17,Gunanya?
Bayu Hidayat,5,2024-05-07 03:05:36,mantap ...terimakasih
Dinan Tarindje,1,2024-05-06 23:50:26,Alok SWT
REHAN FAJRI,5,2024-05-06 15:41:22,oke
Erwin Kesuma Yoedha (BRUZ),5,2024-05-06 15:39:30,Ok
Muhlis Tutu,5,2024-05-06 14:27:59,Wadah bersosial media cocok untuk saya yang introver
memeth memo,5,2024-05-06 10:43:01,wantaaaappp
Ardian Fransisco,4,2024-05-06 08:27:49,Ntah
ZefanyaAzaria Siahaan,5,2024-05-06 05:48:41,I GOT THREADS THANKS!!
Heri Sasangka,4,2024-05-06 02:29:03,Mohon aplikasi bisa di edit tambah foto ğŸ™
michella hana,4,2024-05-06 01:47:13,"baguss ajaa ga ada kendala sejauh ini aku make apk ini, kedepannya lagi tingkatkan lagii yaa pengembangan nyaa â˜ºï¸ğŸ™ğŸ»"
Ika Riska,5,2024-05-06 00:45:13,bgus
Mas Munandar,5,2024-05-06 00:26:07,Terapkan
RIMIN ALFATIH,3,2024-05-05 14:50:04,Masih perlu banyak pengembangan
muhamad arsyil,4,2024-05-05 10:01:56,"keren sih, aplikasi sosmed minimalis."
Robinson Buangpelo,5,2024-05-05 07:35:08,Aplikasinya bagus. Tetapi durasi videonya sajah terlalu pendek.
Dahlan Haryadi,5,2024-05-05 06:45:56,Sangat bagus
Zikow Akbar,3,2024-05-04 23:07:58,"cukup bagus, tetapi mengapa saat saya mempostinh video jadi blur?, mohon di tambahkan mode hd. dan mengapa saya tidak bisa melihat komen ulasan orang lain, bisa tetapi saya juga harus komen?..???"
dolpin go,5,2024-05-04 16:41:09,tambahin tranding topik atau hastag agar mempermudah pencarian terupdate.
Milan Syawal,1,2024-05-04 12:05:58,Dasar zionis.. Ngetik isriwil aja di threads langsung di banned akun thread ama IG nya. Yauda gw uninstall. Ga butuh LOE tuh.
MHD RUDI,5,2024-05-04 11:29:40,Bagus
Suparyanto,5,2024-05-04 08:47:06,"bagus, tapi pas aku hapus malah banyak yg follow"
Siti Susilowati,5,2024-05-04 04:40:29,paduan tweeter dan FB
Keluarg Besarku,5,2024-05-04 03:44:32,sanget senang bisa rekomandasi
Rina Harianti,5,2024-05-03 18:44:58,keren
Muhammad Alwan,5,2024-05-03 17:09:55,ok ok aja deh
Ardila Putri,3,2024-05-03 13:17:51,Ko hrs dowload lg siii?? Knp tolng di perbaiki ya. Sekali lg. ilang ilang melulu ig nya ......
Arafik Tamrin,5,2024-05-03 11:18:38,Terimakasih aplikasi aku mendapatkan teman lebih banyak
Cardi29Official,5,2024-05-03 10:33:13,Aplikasi keren untuk update caption
Hazen Aziz,5,2024-05-03 09:42:17,ğŸ‘ğŸ‘ğŸ‘
Intan Laura,5,2024-05-03 08:09:40,Home service perawatan badan dan rambut di rumah kusus wanita ğŸ™ğŸ™ğŸ˜Š
Shara Chelza,4,2024-05-03 06:44:47,Aplikasi Sudah Sangat Bagus Tapi Tolong Pas Update Nanti Bisa Pake Akun Selain Instragram Soalnya menurutku ini susah soalnya gw pernah akun Instagram hilang jadinya gak bisa login ke theards dan sayangnya lupa tak screenshot.Nanti kalau bisa pake akun lain gw ganti jadi 5 bintang
Ahmad Hidayah,5,2024-05-03 02:44:19,mantap
Lorens kogoya kogoya,4,2024-05-03 02:00:29,like
Cardinal Eze,5,2024-05-02 23:59:22,Ceweknya CakepÂ² cuy
Sandra Awondatu,5,2024-05-02 23:58:06,"Sosmed yg terhubung dengan mereka yang terkenal, untuk menjadi motivasi hidup, membagikan karya kita kepada publikğŸ™"
Tommy Kurniawan,4,2024-05-02 21:01:23,Lumayan kerenn
Hizkia Simanjuntak,5,2024-05-02 17:11:10,aplikasinya unik
Nhader Ghifary,5,2024-05-02 16:20:15,mantap
ajayALvi83 zoel,5,2024-05-02 11:38:26,Good jobb
Enny mulyani,5,2024-05-02 04:40:20,bintang 7
Tri Astuti,5,2024-05-02 04:22:23,"Saya sudah mendownload aplikasi threads, an Instagram app dan hasilnya di aplikasi threads an Instagram app sudah banyak pengikut yang mengikuti threads an Instagram app dan ternyata aplikasi threads an Instagram app sama seperti Instagram bisa memperoleh pengikut dan mengikuti yang banyak banget. Saya saja sampai kaget melihat begitu banyaknya pengikut yang mengikuti Threads an Instagram app dan Instagram milik saya. Saya berharap semoga aplikasi threads an Instagram app dan Instagram."
Muhammad Rafi',5,2024-05-01 17:25:59,"bagus, cuman orang lain dari instagram kurang aktif di platform ini... sepi jadinya."
Djuma Lioke,4,2024-05-01 15:01:28,DjumaLioke
Naila Putri,5,2024-05-01 11:19:11,Yes and either way I'm goes like I've heya
Athena Lie,1,2024-05-01 10:40:31,"Aplikasi goblokkk gw daptar oke Ig gk bisa"" udh jelas"" kata sandi Ig gw itu babi lngsung gw uninstal lagi ni aplikasi ajg mending Twitter"
Abdul Rizki,5,2024-05-01 09:39:20,Saya suka sama aplikasi ini mantap
tan henÄri,5,2024-05-01 07:59:01,Tan Hendri Hendri
Dwiki Koiron,5,2024-05-01 06:05:17,Update aplikasinya lebih banyak baru
ASENG DJACKY,5,2024-05-01 05:38:41,sudah seperti ini jangan dilebihkan lagi biar gampang saling folow
Br Nugroho,5,2024-05-01 04:48:53,Ok
Ignasius Indon,5,2024-05-01 03:19:58,Mantap
Rossie Apriyanti,5,2024-05-01 01:12:49,Senang
Emiy Emily,3,2024-04-30 14:53:02,Sizpa saja dapat melihat nama dan foto Akun google anda developer juga dapat melihan negara dan informasi perangkat (seperti bahasa model dan versi os)serta dapat menggunakan informasi untuk merespons _pelajarilebih_ lanjut
Tresno Tresno,4,2024-04-30 11:50:23,bagus.....
Najib Awoakwoakwok,1,2024-04-30 07:47:44,"bru jg slese donlod udh disuruh update,lawak bner nih apkğŸ˜‚"
Taryono bagus,4,2024-04-30 07:45:01,"aku kasih bintang 4 dulu yah, karna saya blm tau cara kerjanya ğŸ™"
Dandi Ellong,5,2024-04-30 03:30:35,Ok nice
dery movick12,1,2024-04-30 02:42:41,"Tolong perbaiki dong,masa gagal terus bikin utasan , kalo sudah di perbaiki saya kasih bintang 5"
KRISDIANTO KRIS,5,2024-04-29 23:38:43,Nice Good Keren
Rival Kurniawan,1,2024-04-29 20:38:08,Bikin emosi gua pake nih apk
Rizky Fathur,4,2024-04-29 19:15:35,lumayan bgus dan membantu jga
Setiya Setiya,4,2024-04-29 16:01:44,Lumayan
Abdul Muchyi,5,2024-04-29 14:54:05,Raden Galih Purwati Gempol Palimanan CIREBON INDONESIA
Wansori Daya,5,2024-04-29 12:43:35,Lumayan bagus
Muhammad Saeful alim,1,2024-04-29 12:41:13,Aplikasi zionis
F4dh!L- AFR,4,2024-04-29 10:37:52,"Kalau menurutku threads bukan hanya social media, tapi juga social diary. Terimakasih karena threads telah hadir dan menjadi wadah terbaik untuk saya yang suka menulis Suksess selalu threads"
Pie. Gem,5,2024-04-29 10:04:42,mantap ğŸ˜ğŸ˜ğŸ˜
mohamad risal,3,2024-04-29 06:24:47,Absolute
VQ Mogers,4,2024-04-29 04:44:09,tibaÂ² ig gua ditangguhkan tanpa sebab
Gitar Pemula,2,2024-04-29 02:00:59,Tiap kali klik di IG ga masuk ke thread langsung tp ke google play ini
Niken Lidiastuti,5,2024-04-29 00:49:54,Cukup membantu koneksi dengan sahabat dumay
lutvi arizal,5,2024-04-28 23:29:18,Hiburan
kalima dhohir,4,2024-04-28 23:08:41,good
Oktavianus,5,2024-04-28 16:25:32,sangat bermanfaat sekalii
Muhamad Rizki,4,2024-04-28 08:35:29,Apknya udah cukup bagus cuman pas nonton video harus pencet volume dulu kalo mau ada suaranya jadi ribet kalo bisa di bikin pas mencet video baru ada suara itu lebih baik mana tombol volume nya kecil lagi
Kapten Scorpio,5,2024-04-28 02:27:24,mantaff
tono Doang,5,2024-04-27 13:49:44,Aku senang app ini sangat buat hiburan untuk ikut serta potingan buat aku.nah paling suka saya kasih bintang lima buat saya.
M Razali Hrp,5,2024-04-27 10:50:52,sangat terkesan buat saya
Indra Gunawan,4,2024-04-27 09:22:47,Good
Abeng Siswanto,5,2024-04-27 01:26:27,Mantap
ryuza,5,2024-04-27 00:14:31,Ok
Seminar Id,5,2024-04-26 14:42:39,"Mas Anies ,mas Anies Angin tidak punya KTP anjay"
Ridex S,5,2024-04-26 13:26:18,Good
Karen zahra Isnaya,1,2024-04-26 10:47:02,"tolong adain fitur arsip, klo udh ada sy ksh lima ğŸ™ğŸ»"
Ade Galing,4,2024-04-26 10:41:45,terbaik
Halangbaya Bayan,4,2024-04-26 10:30:07,"Mudah mudahan Threads Instagram sangat membantu dlm segalahal yg baik, dan banyak manfaatnya buat kami semua"
Apip Pudin,5,2024-04-26 05:59:28,"bagus banget, jadi punya banyak teman"
Devi Trilani,5,2024-04-26 05:41:36,suka
Aya Damayanti,1,2024-04-26 02:15:27,"tambah fitur dm dong, biar ga bolak balik ke ig"
Muhammad Nursyam,5,2024-04-25 17:35:48,lumayan
jhon langi,5,2024-04-25 16:25:30,Sangat membantu
Fitri Fitri,5,2024-04-25 14:56:57,sangat bagus
